Demo-ResponseID,QType,Condition,Dataset,Task,Coord,Response,DatasetOrder,TaskOrder
R_1C6ZLfppnr2hHJ3,Exp,Ctrl,1,NumHighDegree,NA,25,3,9
R_8d1VqNkok6YG0zD,Exp,Ctrl,1,NumHighDegree,NA,15,3,6
R_1PRB2ZJPaDyYg5u,Exp,Ctrl,1,NumHighDegree,NA,550,1,3
R_x8YEnmKnNoodq4p,Exp,Ctrl,1,NumHighDegree,NA,20,1,5
R_1C6ZLfppnr2hHJ3,Exp,Ctrl,1,ClickHighDeg,X1,383,3,2
R_8d1VqNkok6YG0zD,Exp,Ctrl,1,ClickHighDeg,X1,381,3,1
R_1PRB2ZJPaDyYg5u,Exp,Ctrl,1,ClickHighDeg,X1,436,1,8
R_x8YEnmKnNoodq4p,Exp,Ctrl,1,ClickHighDeg,X1,437,1,6
R_1C6ZLfppnr2hHJ3,Exp,Ctrl,1,ClickHighDeg,Y1,370,3,2
R_8d1VqNkok6YG0zD,Exp,Ctrl,1,ClickHighDeg,Y1,367,3,1
R_1PRB2ZJPaDyYg5u,Exp,Ctrl,1,ClickHighDeg,Y1,576,1,8
R_x8YEnmKnNoodq4p,Exp,Ctrl,1,ClickHighDeg,Y1,573,1,6
R_1C6ZLfppnr2hHJ3,Exp,Ctrl,1,BC,X1,383,3,6
R_8d1VqNkok6YG0zD,Exp,Ctrl,1,BC,X1,379,3,9
R_1PRB2ZJPaDyYg5u,Exp,Ctrl,1,BC,X1,380,1,2
R_x8YEnmKnNoodq4p,Exp,Ctrl,1,BC,X1,385,1,1
R_1C6ZLfppnr2hHJ3,Exp,Ctrl,1,BC,Y1,366,3,6
R_8d1VqNkok6YG0zD,Exp,Ctrl,1,BC,Y1,372,3,9
R_1PRB2ZJPaDyYg5u,Exp,Ctrl,1,BC,Y1,367,1,2
R_x8YEnmKnNoodq4p,Exp,Ctrl,1,BC,Y1,366,1,1
R_1C6ZLfppnr2hHJ3,Exp,Ctrl,1,BC,X2,160,3,6
R_8d1VqNkok6YG0zD,Exp,Ctrl,1,BC,X2,361,3,9
R_1PRB2ZJPaDyYg5u,Exp,Ctrl,1,BC,X2,362,1,2
R_1C6ZLfppnr2hHJ3,Exp,Ctrl,1,BC,Y2,511,3,6
R_8d1VqNkok6YG0zD,Exp,Ctrl,1,BC,Y2,419,3,9
R_1PRB2ZJPaDyYg5u,Exp,Ctrl,1,BC,Y2,419,1,2
R_8d1VqNkok6YG0zD,Exp,Ctrl,1,BC,X3,320,3,9
R_1PRB2ZJPaDyYg5u,Exp,Ctrl,1,BC,X3,318,1,2
R_8d1VqNkok6YG0zD,Exp,Ctrl,1,BC,Y3,434,3,9
R_1PRB2ZJPaDyYg5u,Exp,Ctrl,1,BC,Y3,437,1,2
R_8d1VqNkok6YG0zD,Exp,Ctrl,1,BC,X4,309,3,9
R_1PRB2ZJPaDyYg5u,Exp,Ctrl,1,BC,X4,298,1,2
R_8d1VqNkok6YG0zD,Exp,Ctrl,1,BC,Y4,494,3,9
R_1PRB2ZJPaDyYg5u,Exp,Ctrl,1,BC,Y4,539,1,2
R_8d1VqNkok6YG0zD,Exp,Ctrl,1,BC,X5,295,3,9
R_1PRB2ZJPaDyYg5u,Exp,Ctrl,1,BC,X5,300,1,2
R_8d1VqNkok6YG0zD,Exp,Ctrl,1,BC,Y5,538,3,9
R_1PRB2ZJPaDyYg5u,Exp,Ctrl,1,BC,Y5,600,1,2
R_1C6ZLfppnr2hHJ3,Exp,Ctrl,1,ClustConf,NA,Somewhat confident (51-75%),3,1
R_8d1VqNkok6YG0zD,Exp,Ctrl,1,ClustConf,NA,Very confident (76-100%),3,3
R_1PRB2ZJPaDyYg5u,Exp,Ctrl,1,ClustConf,NA,Very confident (76-100%),1,5
R_x8YEnmKnNoodq4p,Exp,Ctrl,1,ClustConf,NA,Very confident (76-100%),1,7
R_1C6ZLfppnr2hHJ3,Exp,Ctrl,1,NumClust,NA,1,3,7
R_8d1VqNkok6YG0zD,Exp,Ctrl,1,NumClust,NA,4,3,8
R_1PRB2ZJPaDyYg5u,Exp,Ctrl,1,NumClust,NA,4,1,9
R_x8YEnmKnNoodq4p,Exp,Ctrl,1,NumClust,NA,4,1,9
R_1C6ZLfppnr2hHJ3,Exp,Ctrl,1,LargeClust1,NA,100,3,3
R_8d1VqNkok6YG0zD,Exp,Ctrl,1,LargeClust1,NA,91,3,5
R_1PRB2ZJPaDyYg5u,Exp,Ctrl,1,LargeClust1,NA,95,1,1
R_x8YEnmKnNoodq4p,Exp,Ctrl,1,LargeClust1,NA,92,1,4
R_1C6ZLfppnr2hHJ3,Exp,Ctrl,1,NumNodes,NA,30,3,4
R_8d1VqNkok6YG0zD,Exp,Ctrl,1,NumNodes,NA,30,3,4
R_1PRB2ZJPaDyYg5u,Exp,Ctrl,1,NumNodes,NA,28,1,4
R_x8YEnmKnNoodq4p,Exp,Ctrl,1,NumNodes,NA,20,1,3
R_1C6ZLfppnr2hHJ3,Exp,Ctrl,1,AvgDeg,NA,20,3,5
R_8d1VqNkok6YG0zD,Exp,Ctrl,1,AvgDeg,NA,10,3,7
R_1PRB2ZJPaDyYg5u,Exp,Ctrl,1,AvgDeg,NA,15,1,6
R_x8YEnmKnNoodq4p,Exp,Ctrl,1,AvgDeg,NA,15,1,8
R_1C6ZLfppnr2hHJ3,Exp,Ctrl,1,NumLinks,NA,600,3,8
R_8d1VqNkok6YG0zD,Exp,Ctrl,1,NumLinks,NA,250,3,2
R_1PRB2ZJPaDyYg5u,Exp,Ctrl,1,NumLinks,NA,550,1,7
R_x8YEnmKnNoodq4p,Exp,Ctrl,1,NumLinks,NA,80,1,2
R_1M3UTwCUjAQdcM0,Exp,Ctrl,3,NumHighDegree,NA,24,1,6
R_1M3UTwCUjAQdcM0,Exp,Ctrl,3,ClickHighDeg,X1,592,1,9
R_1M3UTwCUjAQdcM0,Exp,Ctrl,3,ClickHighDeg,Y1,206,1,9
R_1M3UTwCUjAQdcM0,Exp,Ctrl,3,BC,X1,123,1,1
R_1M3UTwCUjAQdcM0,Exp,Ctrl,3,BC,Y1,406,1,1
R_1M3UTwCUjAQdcM0,Exp,Ctrl,3,BC,X2,164,1,1
R_1M3UTwCUjAQdcM0,Exp,Ctrl,3,BC,Y2,326,1,1
R_1M3UTwCUjAQdcM0,Exp,Ctrl,3,BC,X3,257,1,1
R_1M3UTwCUjAQdcM0,Exp,Ctrl,3,BC,Y3,293,1,1
R_1M3UTwCUjAQdcM0,Exp,Ctrl,3,BC,X4,413,1,1
R_1M3UTwCUjAQdcM0,Exp,Ctrl,3,BC,Y4,330,1,1
R_1M3UTwCUjAQdcM0,Exp,Ctrl,3,BC,X5,508,1,1
R_1M3UTwCUjAQdcM0,Exp,Ctrl,3,BC,Y5,366,1,1
R_1M3UTwCUjAQdcM0,Exp,Ctrl,3,ClustConf,NA,Somewhat confident (51-75%),1,2
R_1M3UTwCUjAQdcM0,Exp,Ctrl,3,NumClust,NA,6,1,4
R_1M3UTwCUjAQdcM0,Exp,Ctrl,3,LargeClust1,NA,32,1,5
R_1M3UTwCUjAQdcM0,Exp,Ctrl,3,NumNodes,NA,49,1,8
R_1M3UTwCUjAQdcM0,Exp,Ctrl,3,AvgDeg,NA,16,1,3
R_1M3UTwCUjAQdcM0,Exp,Ctrl,3,NumLinks,NA,96,1,7
R_1C6ZLfppnr2hHJ3,Exp,Ctrl,7,NumHighDegree,NA,40,2,5
R_8d1VqNkok6YG0zD,Exp,Ctrl,7,NumHighDegree,NA,20,2,8
R_1PRB2ZJPaDyYg5u,Exp,Ctrl,7,NumHighDegree,NA,60,2,3
R_x8YEnmKnNoodq4p,Exp,Ctrl,7,NumHighDegree,NA,30,3,2
R_1C6ZLfppnr2hHJ3,Exp,Ctrl,7,ClickHighDeg,X1,152,2,8
R_8d1VqNkok6YG0zD,Exp,Ctrl,7,ClickHighDeg,X1,313,2,2
R_1PRB2ZJPaDyYg5u,Exp,Ctrl,7,ClickHighDeg,X1,151,2,5
R_x8YEnmKnNoodq4p,Exp,Ctrl,7,ClickHighDeg,X1,291,3,7
R_1C6ZLfppnr2hHJ3,Exp,Ctrl,7,ClickHighDeg,Y1,154,2,8
R_8d1VqNkok6YG0zD,Exp,Ctrl,7,ClickHighDeg,Y1,203,2,2
R_1PRB2ZJPaDyYg5u,Exp,Ctrl,7,ClickHighDeg,Y1,153,2,5
R_x8YEnmKnNoodq4p,Exp,Ctrl,7,ClickHighDeg,Y1,506,3,7
R_1C6ZLfppnr2hHJ3,Exp,Ctrl,7,BC,X1,428,2,3
R_8d1VqNkok6YG0zD,Exp,Ctrl,7,BC,X1,434,2,3
R_1PRB2ZJPaDyYg5u,Exp,Ctrl,7,BC,X1,436,2,6
R_x8YEnmKnNoodq4p,Exp,Ctrl,7,BC,X1,315,3,4
R_1C6ZLfppnr2hHJ3,Exp,Ctrl,7,BC,Y1,363,2,3
R_8d1VqNkok6YG0zD,Exp,Ctrl,7,BC,Y1,179,2,3
R_1PRB2ZJPaDyYg5u,Exp,Ctrl,7,BC,Y1,181,2,6
R_x8YEnmKnNoodq4p,Exp,Ctrl,7,BC,Y1,204,3,4
R_1C6ZLfppnr2hHJ3,Exp,Ctrl,7,BC,X2,313,2,3
R_8d1VqNkok6YG0zD,Exp,Ctrl,7,BC,X2,423,2,3
R_1PRB2ZJPaDyYg5u,Exp,Ctrl,7,BC,X2,339,2,6
R_x8YEnmKnNoodq4p,Exp,Ctrl,7,BC,X2,429,3,4
R_1C6ZLfppnr2hHJ3,Exp,Ctrl,7,BC,Y2,203,2,3
R_8d1VqNkok6YG0zD,Exp,Ctrl,7,BC,Y2,361,2,3
R_1PRB2ZJPaDyYg5u,Exp,Ctrl,7,BC,Y2,396,2,6
R_x8YEnmKnNoodq4p,Exp,Ctrl,7,BC,Y2,358,3,4
R_1C6ZLfppnr2hHJ3,Exp,Ctrl,7,BC,X3,580,2,3
R_8d1VqNkok6YG0zD,Exp,Ctrl,7,BC,X3,596,2,3
R_1PRB2ZJPaDyYg5u,Exp,Ctrl,7,BC,X3,425,2,6
R_x8YEnmKnNoodq4p,Exp,Ctrl,7,BC,X3,583,3,4
R_1C6ZLfppnr2hHJ3,Exp,Ctrl,7,BC,Y3,341,2,3
R_8d1VqNkok6YG0zD,Exp,Ctrl,7,BC,Y3,341,2,3
R_1PRB2ZJPaDyYg5u,Exp,Ctrl,7,BC,Y3,359,2,6
R_x8YEnmKnNoodq4p,Exp,Ctrl,7,BC,Y3,336,3,4
R_1C6ZLfppnr2hHJ3,Exp,Ctrl,7,BC,X4,438,2,3
R_1PRB2ZJPaDyYg5u,Exp,Ctrl,7,BC,X4,594,2,6
R_1C6ZLfppnr2hHJ3,Exp,Ctrl,7,BC,Y4,478,2,3
R_1PRB2ZJPaDyYg5u,Exp,Ctrl,7,BC,Y4,340,2,6
R_1PRB2ZJPaDyYg5u,Exp,Ctrl,7,BC,X5,437,2,6
R_1PRB2ZJPaDyYg5u,Exp,Ctrl,7,BC,Y5,476,2,6
R_1C6ZLfppnr2hHJ3,Exp,Ctrl,7,ClustConf,NA,Very confident (76-100%),2,9
R_8d1VqNkok6YG0zD,Exp,Ctrl,7,ClustConf,NA,Very confident (76-100%),2,9
R_1PRB2ZJPaDyYg5u,Exp,Ctrl,7,ClustConf,NA,Very confident (76-100%),2,8
R_x8YEnmKnNoodq4p,Exp,Ctrl,7,ClustConf,NA,Somewhat confident (51-75%),3,5
R_1C6ZLfppnr2hHJ3,Exp,Ctrl,7,NumClust,NA,3,2,4
R_8d1VqNkok6YG0zD,Exp,Ctrl,7,NumClust,NA,8,2,5
R_1PRB2ZJPaDyYg5u,Exp,Ctrl,7,NumClust,NA,12,2,4
R_x8YEnmKnNoodq4p,Exp,Ctrl,7,NumClust,NA,5,3,8
R_1C6ZLfppnr2hHJ3,Exp,Ctrl,7,LargeClust1,NA,20,2,2
R_8d1VqNkok6YG0zD,Exp,Ctrl,7,LargeClust1,NA,38,2,7
R_1PRB2ZJPaDyYg5u,Exp,Ctrl,7,LargeClust1,NA,30,2,9
R_x8YEnmKnNoodq4p,Exp,Ctrl,7,LargeClust1,NA,29,3,6
R_1C6ZLfppnr2hHJ3,Exp,Ctrl,7,NumNodes,NA,100,2,6
R_8d1VqNkok6YG0zD,Exp,Ctrl,7,NumNodes,NA,120,2,1
R_1PRB2ZJPaDyYg5u,Exp,Ctrl,7,NumNodes,NA,150,2,7
R_x8YEnmKnNoodq4p,Exp,Ctrl,7,NumNodes,NA,150,3,3
R_1C6ZLfppnr2hHJ3,Exp,Ctrl,7,AvgDeg,NA,6,2,1
R_8d1VqNkok6YG0zD,Exp,Ctrl,7,AvgDeg,NA,10,2,6
R_1PRB2ZJPaDyYg5u,Exp,Ctrl,7,AvgDeg,NA,30,2,1
R_x8YEnmKnNoodq4p,Exp,Ctrl,7,AvgDeg,NA,10,3,1
R_1C6ZLfppnr2hHJ3,Exp,Ctrl,7,NumLinks,NA,250,2,7
R_8d1VqNkok6YG0zD,Exp,Ctrl,7,NumLinks,NA,200,2,4
R_1PRB2ZJPaDyYg5u,Exp,Ctrl,7,NumLinks,NA,250,2,2
R_x8YEnmKnNoodq4p,Exp,Ctrl,7,NumLinks,NA,1000,3,9
R_1C6ZLfppnr2hHJ3,Exp,Ctrl,9,NumHighDegree,NA,20,1,1
R_8d1VqNkok6YG0zD,Exp,Ctrl,9,NumHighDegree,NA,80,1,9
R_1PRB2ZJPaDyYg5u,Exp,Ctrl,9,NumHighDegree,NA,15,3,1
R_x8YEnmKnNoodq4p,Exp,Ctrl,9,NumHighDegree,NA,10,2,1
R_1C6ZLfppnr2hHJ3,Exp,Ctrl,9,ClickHighDeg,X1,485,1,6
R_8d1VqNkok6YG0zD,Exp,Ctrl,9,ClickHighDeg,X1,441,1,3
R_1PRB2ZJPaDyYg5u,Exp,Ctrl,9,ClickHighDeg,X1,530,3,4
R_x8YEnmKnNoodq4p,Exp,Ctrl,9,ClickHighDeg,X1,432,2,2
R_1C6ZLfppnr2hHJ3,Exp,Ctrl,9,ClickHighDeg,Y1,372,1,6
R_8d1VqNkok6YG0zD,Exp,Ctrl,9,ClickHighDeg,Y1,401,1,3
R_1PRB2ZJPaDyYg5u,Exp,Ctrl,9,ClickHighDeg,Y1,439,3,4
R_x8YEnmKnNoodq4p,Exp,Ctrl,9,ClickHighDeg,Y1,249,2,2
R_1C6ZLfppnr2hHJ3,Exp,Ctrl,9,BC,X1,488,1,5
R_8d1VqNkok6YG0zD,Exp,Ctrl,9,BC,X1,465,1,7
R_1PRB2ZJPaDyYg5u,Exp,Ctrl,9,BC,X1,441,3,7
R_x8YEnmKnNoodq4p,Exp,Ctrl,9,BC,X1,492,2,7
R_1C6ZLfppnr2hHJ3,Exp,Ctrl,9,BC,Y1,372,1,5
R_8d1VqNkok6YG0zD,Exp,Ctrl,9,BC,Y1,290,1,7
R_1PRB2ZJPaDyYg5u,Exp,Ctrl,9,BC,Y1,400,3,7
R_x8YEnmKnNoodq4p,Exp,Ctrl,9,BC,Y1,335,2,7
R_1C6ZLfppnr2hHJ3,Exp,Ctrl,9,BC,X2,531,1,5
R_8d1VqNkok6YG0zD,Exp,Ctrl,9,BC,X2,533,1,7
R_1PRB2ZJPaDyYg5u,Exp,Ctrl,9,BC,X2,467,3,7
R_x8YEnmKnNoodq4p,Exp,Ctrl,9,BC,X2,413,2,7
R_1C6ZLfppnr2hHJ3,Exp,Ctrl,9,BC,Y2,440,1,5
R_8d1VqNkok6YG0zD,Exp,Ctrl,9,BC,Y2,361,1,7
R_1PRB2ZJPaDyYg5u,Exp,Ctrl,9,BC,Y2,494,3,7
R_x8YEnmKnNoodq4p,Exp,Ctrl,9,BC,Y2,313,2,7
R_1C6ZLfppnr2hHJ3,Exp,Ctrl,9,BC,X3,413,1,5
R_8d1VqNkok6YG0zD,Exp,Ctrl,9,BC,X3,491,1,7
R_1PRB2ZJPaDyYg5u,Exp,Ctrl,9,BC,X3,507,3,7
R_x8YEnmKnNoodq4p,Exp,Ctrl,9,BC,X3,468,2,7
R_1C6ZLfppnr2hHJ3,Exp,Ctrl,9,BC,Y3,317,1,5
R_8d1VqNkok6YG0zD,Exp,Ctrl,9,BC,Y3,370,1,7
R_1PRB2ZJPaDyYg5u,Exp,Ctrl,9,BC,Y3,407,3,7
R_x8YEnmKnNoodq4p,Exp,Ctrl,9,BC,Y3,496,2,7
R_1C6ZLfppnr2hHJ3,Exp,Ctrl,9,BC,X4,350,1,5
R_8d1VqNkok6YG0zD,Exp,Ctrl,9,BC,X4,531,1,7
R_1PRB2ZJPaDyYg5u,Exp,Ctrl,9,BC,X4,377,3,7
R_x8YEnmKnNoodq4p,Exp,Ctrl,9,BC,X4,281,2,7
R_1C6ZLfppnr2hHJ3,Exp,Ctrl,9,BC,Y4,439,1,5
R_8d1VqNkok6YG0zD,Exp,Ctrl,9,BC,Y4,439,1,7
R_1PRB2ZJPaDyYg5u,Exp,Ctrl,9,BC,Y4,365,3,7
R_x8YEnmKnNoodq4p,Exp,Ctrl,9,BC,Y4,537,2,7
R_1C6ZLfppnr2hHJ3,Exp,Ctrl,9,BC,X5,386,1,5
R_8d1VqNkok6YG0zD,Exp,Ctrl,9,BC,X5,439,1,7
R_1PRB2ZJPaDyYg5u,Exp,Ctrl,9,BC,X5,411,3,7
R_x8YEnmKnNoodq4p,Exp,Ctrl,9,BC,X5,445,2,7
R_1C6ZLfppnr2hHJ3,Exp,Ctrl,9,BC,Y5,500,1,5
R_8d1VqNkok6YG0zD,Exp,Ctrl,9,BC,Y5,400,1,7
R_1PRB2ZJPaDyYg5u,Exp,Ctrl,9,BC,Y5,313,3,7
R_x8YEnmKnNoodq4p,Exp,Ctrl,9,BC,Y5,401,2,7
R_1C6ZLfppnr2hHJ3,Exp,Ctrl,9,ClustConf,NA,Very confident (76-100%),1,7
R_8d1VqNkok6YG0zD,Exp,Ctrl,9,ClustConf,NA,Very confident (76-100%),1,4
R_1PRB2ZJPaDyYg5u,Exp,Ctrl,9,ClustConf,NA,Somewhat confident (51-75%),3,2
R_x8YEnmKnNoodq4p,Exp,Ctrl,9,ClustConf,NA,Somewhat confident (51-75%),2,9
R_1C6ZLfppnr2hHJ3,Exp,Ctrl,9,NumClust,NA,6,1,4
R_8d1VqNkok6YG0zD,Exp,Ctrl,9,NumClust,NA,10,1,6
R_1PRB2ZJPaDyYg5u,Exp,Ctrl,9,NumClust,NA,30,3,3
R_x8YEnmKnNoodq4p,Exp,Ctrl,9,NumClust,NA,7,2,4
R_1C6ZLfppnr2hHJ3,Exp,Ctrl,9,LargeClust1,NA,45,1,8
R_8d1VqNkok6YG0zD,Exp,Ctrl,9,LargeClust1,NA,39,1,8
R_1PRB2ZJPaDyYg5u,Exp,Ctrl,9,LargeClust1,NA,10,3,5
R_x8YEnmKnNoodq4p,Exp,Ctrl,9,LargeClust1,NA,41,2,8
R_1C6ZLfppnr2hHJ3,Exp,Ctrl,9,NumNodes,NA,200,1,2
R_8d1VqNkok6YG0zD,Exp,Ctrl,9,NumNodes,NA,200,1,5
R_1PRB2ZJPaDyYg5u,Exp,Ctrl,9,NumNodes,NA,200,3,8
R_x8YEnmKnNoodq4p,Exp,Ctrl,9,NumNodes,NA,60,2,3
R_1C6ZLfppnr2hHJ3,Exp,Ctrl,9,AvgDeg,NA,14,1,9
R_8d1VqNkok6YG0zD,Exp,Ctrl,9,AvgDeg,NA,6,1,1
R_1PRB2ZJPaDyYg5u,Exp,Ctrl,9,AvgDeg,NA,5,3,9
R_x8YEnmKnNoodq4p,Exp,Ctrl,9,AvgDeg,NA,15,2,6
R_1C6ZLfppnr2hHJ3,Exp,Ctrl,9,NumLinks,NA,260,1,3
R_8d1VqNkok6YG0zD,Exp,Ctrl,9,NumLinks,NA,300,1,2
R_1PRB2ZJPaDyYg5u,Exp,Ctrl,9,NumLinks,NA,150,3,6
R_x8YEnmKnNoodq4p,Exp,Ctrl,9,NumLinks,NA,700,2,5
R_PI3RV5qKmZ8pJkJ,Exp,Phr,9,NumHighDegree,NA,30,1,8
R_PI3RV5qKmZ8pJkJ,Exp,Phr,9,ClickHighDeg,X1,449,1,4
R_PI3RV5qKmZ8pJkJ,Exp,Phr,9,ClickHighDeg,Y1,253,1,4
R_PI3RV5qKmZ8pJkJ,Exp,Phr,9,BC,X1,531,1,1
R_PI3RV5qKmZ8pJkJ,Exp,Phr,9,BC,Y1,438,1,1
R_PI3RV5qKmZ8pJkJ,Exp,Phr,9,BC,X2,482,1,1
R_PI3RV5qKmZ8pJkJ,Exp,Phr,9,BC,Y2,371,1,1
R_PI3RV5qKmZ8pJkJ,Exp,Phr,9,BC,X3,442,1,1
R_PI3RV5qKmZ8pJkJ,Exp,Phr,9,BC,Y3,405,1,1
R_PI3RV5qKmZ8pJkJ,Exp,Phr,9,BC,X4,379,1,1
R_PI3RV5qKmZ8pJkJ,Exp,Phr,9,BC,Y4,367,1,1
R_PI3RV5qKmZ8pJkJ,Exp,Phr,9,BC,X5,416,1,1
R_PI3RV5qKmZ8pJkJ,Exp,Phr,9,BC,Y5,315,1,1
R_PI3RV5qKmZ8pJkJ,Exp,Phr,9,ClustConf,NA,Somewhat doubtful (26-50%),1,5
R_PI3RV5qKmZ8pJkJ,Exp,Phr,9,NumClust,NA,30,1,7
R_PI3RV5qKmZ8pJkJ,Exp,Phr,9,LargeClust1,NA,29,1,6
R_PI3RV5qKmZ8pJkJ,Exp,Phr,9,NumNodes,NA,200,1,2
R_PI3RV5qKmZ8pJkJ,Exp,Phr,9,AvgDeg,NA,2,1,9
R_PI3RV5qKmZ8pJkJ,Exp,Phr,9,NumLinks,NA,400,1,3
R_2arbM9OmECoS2q8,Exp,Col,3,NumHighDegree,NA,30,1,4
R_2arbM9OmECoS2q8,Exp,Col,3,ClickHighDeg,X1,334,1,6
R_2arbM9OmECoS2q8,Exp,Col,3,ClickHighDeg,Y1,299,1,6
R_2arbM9OmECoS2q8,Exp,Col,3,BC,X1,126,1,8
R_2arbM9OmECoS2q8,Exp,Col,3,BC,Y1,410,1,8
R_2arbM9OmECoS2q8,Exp,Col,3,BC,X2,459,1,8
R_2arbM9OmECoS2q8,Exp,Col,3,BC,Y2,350,1,8
R_2arbM9OmECoS2q8,Exp,Col,3,BC,X3,594,1,8
R_2arbM9OmECoS2q8,Exp,Col,3,BC,Y3,205,1,8
R_2arbM9OmECoS2q8,Exp,Col,3,BC,X4,534,1,8
R_2arbM9OmECoS2q8,Exp,Col,3,BC,Y4,326,1,8
R_2arbM9OmECoS2q8,Exp,Col,3,BC,X5,162,1,8
R_2arbM9OmECoS2q8,Exp,Col,3,BC,Y5,329,1,8
R_2arbM9OmECoS2q8,Exp,Col,3,ClustConf,NA,Somewhat doubtful (26-50%),1,1
R_2arbM9OmECoS2q8,Exp,Col,3,NumClust,NA,20,1,3
R_2arbM9OmECoS2q8,Exp,Col,3,LargeClust1,NA,31,1,5
R_2arbM9OmECoS2q8,Exp,Col,3,NumNodes,NA,80,1,9
R_2arbM9OmECoS2q8,Exp,Col,3,AvgDeg,NA,15,1,7
R_2arbM9OmECoS2q8,Exp,Col,3,NumLinks,NA,125,1,2
R_1IsCZYNrR2sSZ9t,Exp,Col,9,NumHighDegree,NA,30,1,5
R_1IsCZYNrR2sSZ9t,Exp,Col,9,ClickHighDeg,X1,448,1,1
R_1IsCZYNrR2sSZ9t,Exp,Col,9,ClickHighDeg,Y1,257,1,1
R_1IsCZYNrR2sSZ9t,Exp,Col,9,BC,X1,410,1,8
R_1IsCZYNrR2sSZ9t,Exp,Col,9,BC,Y1,315,1,8
R_1IsCZYNrR2sSZ9t,Exp,Col,9,BC,X2,484,1,8
R_1IsCZYNrR2sSZ9t,Exp,Col,9,BC,Y2,370,1,8
R_1IsCZYNrR2sSZ9t,Exp,Col,9,BC,X3,467,1,8
R_1IsCZYNrR2sSZ9t,Exp,Col,9,BC,Y3,496,1,8
R_1IsCZYNrR2sSZ9t,Exp,Col,9,BC,X4,198,1,8
R_1IsCZYNrR2sSZ9t,Exp,Col,9,BC,Y4,560,1,8
R_1IsCZYNrR2sSZ9t,Exp,Col,9,BC,X5,486,1,8
R_1IsCZYNrR2sSZ9t,Exp,Col,9,BC,Y5,203,1,8
R_1IsCZYNrR2sSZ9t,Exp,Col,9,ClustConf,NA,Somewhat confident (51-75%),1,6
R_1IsCZYNrR2sSZ9t,Exp,Col,9,NumClust,NA,5,1,7
R_1IsCZYNrR2sSZ9t,Exp,Col,9,LargeClust1,NA,50,1,2
R_1IsCZYNrR2sSZ9t,Exp,Col,9,NumNodes,NA,60,1,4
R_1IsCZYNrR2sSZ9t,Exp,Col,9,AvgDeg,NA,5,1,9
R_1IsCZYNrR2sSZ9t,Exp,Col,9,NumLinks,NA,120,1,3
R_1QGVtEThdRCfk9E,Exp,Siz,1,NumHighDegree,NA,24,1,9
R_1QGVtEThdRCfk9E,Exp,Siz,1,ClickHighDeg,X1,383,1,3
R_1QGVtEThdRCfk9E,Exp,Siz,1,ClickHighDeg,Y1,367,1,3
R_1QGVtEThdRCfk9E,Exp,Siz,1,BC,X1,383,1,6
R_1QGVtEThdRCfk9E,Exp,Siz,1,BC,Y1,367,1,6
R_1QGVtEThdRCfk9E,Exp,Siz,1,ClustConf,NA,Very doubtful (0-25%),1,5
R_1QGVtEThdRCfk9E,Exp,Siz,1,NumClust,NA,2,1,8
R_1QGVtEThdRCfk9E,Exp,Siz,1,LargeClust1,NA,85,1,4
R_1QGVtEThdRCfk9E,Exp,Siz,1,NumNodes,NA,30,1,2
R_1QGVtEThdRCfk9E,Exp,Siz,1,AvgDeg,NA,15,1,7
R_1QGVtEThdRCfk9E,Exp,Siz,1,NumLinks,NA,275,1,1
R_3KBeiVl5xirHLQM,Exp,Cir,1,NumHighDegree,NA,25,1,3
R_p3LNUe2FUoWSbUB,Exp,Cir,1,NumHighDegree,NA,28,2,8
R_27egdMDRIo5pmmf,Exp,Cir,1,NumHighDegree,NA,28,1,1
R_r3Cjj7orUCVKs49,Exp,Cir,1,NumHighDegree,NA,25,2,6
R_1nN1uGAejYWDewa,Exp,Cir,1,NumHighDegree,NA,29,2,6
R_3KBeiVl5xirHLQM,Exp,Cir,1,ClickHighDeg,X1,630,1,2
R_p3LNUe2FUoWSbUB,Exp,Cir,1,ClickHighDeg,X1,529,2,7
R_27egdMDRIo5pmmf,Exp,Cir,1,ClickHighDeg,X1,524,1,9
R_r3Cjj7orUCVKs49,Exp,Cir,1,ClickHighDeg,X1,529,2,2
R_1nN1uGAejYWDewa,Exp,Cir,1,ClickHighDeg,X1,260,2,1
R_3KBeiVl5xirHLQM,Exp,Cir,1,ClickHighDeg,Y1,173,1,2
R_p3LNUe2FUoWSbUB,Exp,Cir,1,ClickHighDeg,Y1,80,2,7
R_27egdMDRIo5pmmf,Exp,Cir,1,ClickHighDeg,Y1,82,1,9
R_r3Cjj7orUCVKs49,Exp,Cir,1,ClickHighDeg,Y1,81,2,2
R_1nN1uGAejYWDewa,Exp,Cir,1,ClickHighDeg,Y1,674,2,1
R_p3LNUe2FUoWSbUB,Exp,Cir,1,BC,X1,527,2,6
R_27egdMDRIo5pmmf,Exp,Cir,1,BC,X1,627,1,5
R_r3Cjj7orUCVKs49,Exp,Cir,1,BC,X1,459,2,3
R_1nN1uGAejYWDewa,Exp,Cir,1,BC,X1,465,2,3
R_p3LNUe2FUoWSbUB,Exp,Cir,1,BC,Y1,78,2,6
R_27egdMDRIo5pmmf,Exp,Cir,1,BC,Y1,173,1,5
R_r3Cjj7orUCVKs49,Exp,Cir,1,BC,Y1,52,2,3
R_1nN1uGAejYWDewa,Exp,Cir,1,BC,Y1,51,2,3
R_27egdMDRIo5pmmf,Exp,Cir,1,BC,X2,465,1,5
R_1nN1uGAejYWDewa,Exp,Cir,1,BC,X2,254,2,3
R_27egdMDRIo5pmmf,Exp,Cir,1,BC,Y2,54,1,5
R_1nN1uGAejYWDewa,Exp,Cir,1,BC,Y2,675,2,3
R_3KBeiVl5xirHLQM,Exp,Cir,1,ClustConf,NA,Somewhat confident (51-75%),1,8
R_p3LNUe2FUoWSbUB,Exp,Cir,1,ClustConf,NA,Somewhat confident (51-75%),2,3
R_27egdMDRIo5pmmf,Exp,Cir,1,ClustConf,NA,Somewhat confident (51-75%),1,6
R_r3Cjj7orUCVKs49,Exp,Cir,1,ClustConf,NA,Very doubtful (0-25%),2,5
R_1nN1uGAejYWDewa,Exp,Cir,1,ClustConf,NA,Somewhat doubtful (26-50%),2,9
R_3KBeiVl5xirHLQM,Exp,Cir,1,NumClust,NA,30,1,5
R_p3LNUe2FUoWSbUB,Exp,Cir,1,NumClust,NA,26,2,4
R_27egdMDRIo5pmmf,Exp,Cir,1,NumClust,NA,3,1,7
R_r3Cjj7orUCVKs49,Exp,Cir,1,NumClust,NA,2,2,1
R_1nN1uGAejYWDewa,Exp,Cir,1,NumClust,NA,1,2,2
R_3KBeiVl5xirHLQM,Exp,Cir,1,LargeClust1,NA,37,1,1
R_p3LNUe2FUoWSbUB,Exp,Cir,1,LargeClust1,NA,100,2,1
R_27egdMDRIo5pmmf,Exp,Cir,1,LargeClust1,NA,72,1,4
R_r3Cjj7orUCVKs49,Exp,Cir,1,LargeClust1,NA,51,2,4
R_1nN1uGAejYWDewa,Exp,Cir,1,LargeClust1,NA,95,2,4
R_3KBeiVl5xirHLQM,Exp,Cir,1,NumNodes,NA,30,1,7
R_p3LNUe2FUoWSbUB,Exp,Cir,1,NumNodes,NA,29,2,9
R_27egdMDRIo5pmmf,Exp,Cir,1,NumNodes,NA,32,1,3
R_r3Cjj7orUCVKs49,Exp,Cir,1,NumNodes,NA,30,2,9
R_1nN1uGAejYWDewa,Exp,Cir,1,NumNodes,NA,30,2,8
R_3KBeiVl5xirHLQM,Exp,Cir,1,AvgDeg,NA,15,1,4
R_p3LNUe2FUoWSbUB,Exp,Cir,1,AvgDeg,NA,26,2,5
R_27egdMDRIo5pmmf,Exp,Cir,1,AvgDeg,NA,20,1,2
R_r3Cjj7orUCVKs49,Exp,Cir,1,AvgDeg,NA,50,2,7
R_1nN1uGAejYWDewa,Exp,Cir,1,AvgDeg,NA,27,2,7
R_3KBeiVl5xirHLQM,Exp,Cir,1,NumLinks,NA,500,1,9
R_p3LNUe2FUoWSbUB,Exp,Cir,1,NumLinks,NA,700,2,2
R_27egdMDRIo5pmmf,Exp,Cir,1,NumLinks,NA,350,1,8
R_r3Cjj7orUCVKs49,Exp,Cir,1,NumLinks,NA,100,2,8
R_1nN1uGAejYWDewa,Exp,Cir,1,NumLinks,NA,700,2,5
R_p3LNUe2FUoWSbUB,Exp,Cir,7,NumHighDegree,NA,20,3,7
R_27egdMDRIo5pmmf,Exp,Cir,7,NumHighDegree,NA,44,3,9
R_r3Cjj7orUCVKs49,Exp,Cir,7,NumHighDegree,NA,13,3,1
R_1nN1uGAejYWDewa,Exp,Cir,7,NumHighDegree,NA,40,3,7
R_p3LNUe2FUoWSbUB,Exp,Cir,7,ClickHighDeg,X1,691,3,9
R_27egdMDRIo5pmmf,Exp,Cir,7,ClickHighDeg,X1,687,3,6
R_r3Cjj7orUCVKs49,Exp,Cir,7,ClickHighDeg,X1,65,3,8
R_1nN1uGAejYWDewa,Exp,Cir,7,ClickHighDeg,X1,685,3,6
R_p3LNUe2FUoWSbUB,Exp,Cir,7,ClickHighDeg,Y1,281,3,9
R_27egdMDRIo5pmmf,Exp,Cir,7,ClickHighDeg,Y1,273,3,6
R_r3Cjj7orUCVKs49,Exp,Cir,7,ClickHighDeg,Y1,508,3,8
R_1nN1uGAejYWDewa,Exp,Cir,7,ClickHighDeg,Y1,279,3,6
R_p3LNUe2FUoWSbUB,Exp,Cir,7,BC,X1,697,3,1
R_27egdMDRIo5pmmf,Exp,Cir,7,BC,X1,48,3,7
R_r3Cjj7orUCVKs49,Exp,Cir,7,BC,X1,683,3,9
R_1nN1uGAejYWDewa,Exp,Cir,7,BC,X1,622,3,3
R_p3LNUe2FUoWSbUB,Exp,Cir,7,BC,Y1,284,3,1
R_27egdMDRIo5pmmf,Exp,Cir,7,BC,Y1,479,3,7
R_r3Cjj7orUCVKs49,Exp,Cir,7,BC,Y1,277,3,9
R_1nN1uGAejYWDewa,Exp,Cir,7,BC,Y1,575,3,3
R_p3LNUe2FUoWSbUB,Exp,Cir,7,BC,X2,291,3,1
R_27egdMDRIo5pmmf,Exp,Cir,7,BC,X2,363,3,7
R_r3Cjj7orUCVKs49,Exp,Cir,7,BC,X2,53,3,9
R_1nN1uGAejYWDewa,Exp,Cir,7,BC,X2,46,3,3
R_p3LNUe2FUoWSbUB,Exp,Cir,7,BC,Y2,41,3,1
R_27egdMDRIo5pmmf,Exp,Cir,7,BC,Y2,29,3,7
R_r3Cjj7orUCVKs49,Exp,Cir,7,BC,Y2,474,3,9
R_1nN1uGAejYWDewa,Exp,Cir,7,BC,Y2,469,3,3
R_p3LNUe2FUoWSbUB,Exp,Cir,7,BC,X3,626,3,1
R_27egdMDRIo5pmmf,Exp,Cir,7,BC,X3,505,3,7
R_r3Cjj7orUCVKs49,Exp,Cir,7,BC,X3,617,3,9
R_1nN1uGAejYWDewa,Exp,Cir,7,BC,X3,506,3,3
R_p3LNUe2FUoWSbUB,Exp,Cir,7,BC,Y3,568,3,1
R_27egdMDRIo5pmmf,Exp,Cir,7,BC,Y3,58,3,7
R_r3Cjj7orUCVKs49,Exp,Cir,7,BC,Y3,571,3,9
R_1nN1uGAejYWDewa,Exp,Cir,7,BC,Y3,60,3,3
R_27egdMDRIo5pmmf,Exp,Cir,7,BC,X4,692,3,7
R_1nN1uGAejYWDewa,Exp,Cir,7,BC,X4,53,3,3
R_27egdMDRIo5pmmf,Exp,Cir,7,BC,Y4,288,3,7
R_1nN1uGAejYWDewa,Exp,Cir,7,BC,Y4,495,3,3
R_27egdMDRIo5pmmf,Exp,Cir,7,BC,X5,626,3,7
R_1nN1uGAejYWDewa,Exp,Cir,7,BC,X5,34,3,3
R_27egdMDRIo5pmmf,Exp,Cir,7,BC,Y5,574,3,7
R_1nN1uGAejYWDewa,Exp,Cir,7,BC,Y5,428,3,3
R_p3LNUe2FUoWSbUB,Exp,Cir,7,ClustConf,NA,Somewhat confident (51-75%),3,3
R_27egdMDRIo5pmmf,Exp,Cir,7,ClustConf,NA,Somewhat confident (51-75%),3,8
R_r3Cjj7orUCVKs49,Exp,Cir,7,ClustConf,NA,Very doubtful (0-25%),3,6
R_1nN1uGAejYWDewa,Exp,Cir,7,ClustConf,NA,Somewhat confident (51-75%),3,9
R_p3LNUe2FUoWSbUB,Exp,Cir,7,NumClust,NA,10,3,8
R_27egdMDRIo5pmmf,Exp,Cir,7,NumClust,NA,4,3,4
R_r3Cjj7orUCVKs49,Exp,Cir,7,NumClust,NA,4,3,5
R_1nN1uGAejYWDewa,Exp,Cir,7,NumClust,NA,4,3,1
R_p3LNUe2FUoWSbUB,Exp,Cir,7,LargeClust1,NA,16,3,4
R_27egdMDRIo5pmmf,Exp,Cir,7,LargeClust1,NA,16,3,5
R_r3Cjj7orUCVKs49,Exp,Cir,7,LargeClust1,NA,39,3,4
R_1nN1uGAejYWDewa,Exp,Cir,7,LargeClust1,NA,20,3,2
R_p3LNUe2FUoWSbUB,Exp,Cir,7,NumNodes,NA,300,3,5
R_27egdMDRIo5pmmf,Exp,Cir,7,NumNodes,NA,380,3,1
R_r3Cjj7orUCVKs49,Exp,Cir,7,NumNodes,NA,100,3,7
R_1nN1uGAejYWDewa,Exp,Cir,7,NumNodes,NA,250,3,5
R_p3LNUe2FUoWSbUB,Exp,Cir,7,AvgDeg,NA,0.333,3,6
R_27egdMDRIo5pmmf,Exp,Cir,7,AvgDeg,NA,0.8,3,2
R_r3Cjj7orUCVKs49,Exp,Cir,7,AvgDeg,NA,2,3,3
R_1nN1uGAejYWDewa,Exp,Cir,7,AvgDeg,NA,0.3,3,8
R_p3LNUe2FUoWSbUB,Exp,Cir,7,NumLinks,NA,150,3,2
R_27egdMDRIo5pmmf,Exp,Cir,7,NumLinks,NA,120,3,3
R_r3Cjj7orUCVKs49,Exp,Cir,7,NumLinks,NA,150,3,2
R_1nN1uGAejYWDewa,Exp,Cir,7,NumLinks,NA,200,3,4
R_2a9UfXz1K6wvI3K,Exp,Cir,8,NumHighDegree,NA,50,1,2
R_2a9UfXz1K6wvI3K,Exp,Cir,8,ClickHighDeg,X1,603,1,5
R_2a9UfXz1K6wvI3K,Exp,Cir,8,ClickHighDeg,Y1,604,1,5
R_2a9UfXz1K6wvI3K,Exp,Cir,8,BC,X1,408,1,9
R_2a9UfXz1K6wvI3K,Exp,Cir,8,BC,Y1,692,1,9
R_2a9UfXz1K6wvI3K,Exp,Cir,8,BC,X2,45,1,9
R_2a9UfXz1K6wvI3K,Exp,Cir,8,BC,Y2,456,1,9
R_2a9UfXz1K6wvI3K,Exp,Cir,8,BC,X3,196,1,9
R_2a9UfXz1K6wvI3K,Exp,Cir,8,BC,Y3,77,1,9
R_2a9UfXz1K6wvI3K,Exp,Cir,8,ClustConf,NA,Very doubtful (0-25%),1,6
R_2a9UfXz1K6wvI3K,Exp,Cir,8,NumClust,NA,4,1,8
R_2a9UfXz1K6wvI3K,Exp,Cir,8,LargeClust1,NA,25,1,7
R_2a9UfXz1K6wvI3K,Exp,Cir,8,NumNodes,NA,90,1,1
R_2a9UfXz1K6wvI3K,Exp,Cir,8,AvgDeg,NA,12,1,4
R_2a9UfXz1K6wvI3K,Exp,Cir,8,NumLinks,NA,137,1,3
R_p3LNUe2FUoWSbUB,Exp,Cir,9,NumHighDegree,NA,5,1,3
R_27egdMDRIo5pmmf,Exp,Cir,9,NumHighDegree,NA,12,2,9
R_r3Cjj7orUCVKs49,Exp,Cir,9,NumHighDegree,NA,20,1,9
R_1nN1uGAejYWDewa,Exp,Cir,9,NumHighDegree,NA,30,1,8
R_p3LNUe2FUoWSbUB,Exp,Cir,9,ClickHighDeg,X1,613,1,7
R_27egdMDRIo5pmmf,Exp,Cir,9,ClickHighDeg,X1,233,2,2
R_r3Cjj7orUCVKs49,Exp,Cir,9,ClickHighDeg,X1,616,1,2
R_1nN1uGAejYWDewa,Exp,Cir,9,ClickHighDeg,X1,450,1,1
R_p3LNUe2FUoWSbUB,Exp,Cir,9,ClickHighDeg,Y1,593,1,7
R_27egdMDRIo5pmmf,Exp,Cir,9,ClickHighDeg,Y1,54,2,2
R_r3Cjj7orUCVKs49,Exp,Cir,9,ClickHighDeg,Y1,153,1,2
R_1nN1uGAejYWDewa,Exp,Cir,9,ClickHighDeg,Y1,39,1,1
R_p3LNUe2FUoWSbUB,Exp,Cir,9,BC,X1,611,1,4
R_27egdMDRIo5pmmf,Exp,Cir,9,BC,X1,237,2,4
R_r3Cjj7orUCVKs49,Exp,Cir,9,BC,X1,618,1,5
R_1nN1uGAejYWDewa,Exp,Cir,9,BC,X1,48,1,5
R_p3LNUe2FUoWSbUB,Exp,Cir,9,BC,Y1,587,1,4
R_27egdMDRIo5pmmf,Exp,Cir,9,BC,Y1,56,2,4
R_r3Cjj7orUCVKs49,Exp,Cir,9,BC,Y1,157,1,5
R_1nN1uGAejYWDewa,Exp,Cir,9,BC,Y1,465,1,5
R_p3LNUe2FUoWSbUB,Exp,Cir,9,BC,X2,563,1,4
R_27egdMDRIo5pmmf,Exp,Cir,9,BC,X2,533,2,4
R_r3Cjj7orUCVKs49,Exp,Cir,9,BC,X2,172,1,5
R_1nN1uGAejYWDewa,Exp,Cir,9,BC,X2,682,1,5
R_p3LNUe2FUoWSbUB,Exp,Cir,9,BC,Y2,622,1,4
R_27egdMDRIo5pmmf,Exp,Cir,9,BC,Y2,653,2,4
R_r3Cjj7orUCVKs49,Exp,Cir,9,BC,Y2,103,1,5
R_1nN1uGAejYWDewa,Exp,Cir,9,BC,Y2,454,1,5
R_p3LNUe2FUoWSbUB,Exp,Cir,9,BC,X3,694,1,4
R_27egdMDRIo5pmmf,Exp,Cir,9,BC,X3,450,2,4
R_1nN1uGAejYWDewa,Exp,Cir,9,BC,X3,116,1,5
R_p3LNUe2FUoWSbUB,Exp,Cir,9,BC,Y3,445,1,4
R_27egdMDRIo5pmmf,Exp,Cir,9,BC,Y3,37,2,4
R_1nN1uGAejYWDewa,Exp,Cir,9,BC,Y3,141,1,5
R_p3LNUe2FUoWSbUB,Exp,Cir,9,BC,X4,455,1,4
R_27egdMDRIo5pmmf,Exp,Cir,9,BC,X4,617,2,4
R_1nN1uGAejYWDewa,Exp,Cir,9,BC,X4,184,1,5
R_p3LNUe2FUoWSbUB,Exp,Cir,9,BC,Y4,39,1,4
R_27egdMDRIo5pmmf,Exp,Cir,9,BC,Y4,591,2,4
R_1nN1uGAejYWDewa,Exp,Cir,9,BC,Y4,80,1,5
R_1nN1uGAejYWDewa,Exp,Cir,9,BC,X5,687,1,5
R_1nN1uGAejYWDewa,Exp,Cir,9,BC,Y5,440,1,5
R_p3LNUe2FUoWSbUB,Exp,Cir,9,ClustConf,NA,Somewhat confident (51-75%),1,2
R_27egdMDRIo5pmmf,Exp,Cir,9,ClustConf,NA,Somewhat confident (51-75%),2,3
R_r3Cjj7orUCVKs49,Exp,Cir,9,ClustConf,NA,Very doubtful (0-25%),1,4
R_1nN1uGAejYWDewa,Exp,Cir,9,ClustConf,NA,Very confident (76-100%),1,7
R_p3LNUe2FUoWSbUB,Exp,Cir,9,NumClust,NA,10,1,9
R_27egdMDRIo5pmmf,Exp,Cir,9,NumClust,NA,7,2,5
R_r3Cjj7orUCVKs49,Exp,Cir,9,NumClust,NA,5,1,3
R_1nN1uGAejYWDewa,Exp,Cir,9,NumClust,NA,6,1,3
R_p3LNUe2FUoWSbUB,Exp,Cir,9,LargeClust1,NA,5,1,5
R_27egdMDRIo5pmmf,Exp,Cir,9,LargeClust1,NA,13,2,7
R_r3Cjj7orUCVKs49,Exp,Cir,9,LargeClust1,NA,63,1,6
R_1nN1uGAejYWDewa,Exp,Cir,9,LargeClust1,NA,10,1,4
R_p3LNUe2FUoWSbUB,Exp,Cir,9,NumNodes,NA,350,1,1
R_27egdMDRIo5pmmf,Exp,Cir,9,NumNodes,NA,520,2,6
R_r3Cjj7orUCVKs49,Exp,Cir,9,NumNodes,NA,50,1,1
R_1nN1uGAejYWDewa,Exp,Cir,9,NumNodes,NA,600,1,9
R_p3LNUe2FUoWSbUB,Exp,Cir,9,AvgDeg,NA,1,1,8
R_27egdMDRIo5pmmf,Exp,Cir,9,AvgDeg,NA,0.5,2,8
R_r3Cjj7orUCVKs49,Exp,Cir,9,AvgDeg,NA,100,1,7
R_1nN1uGAejYWDewa,Exp,Cir,9,AvgDeg,NA,0.15,1,6
R_p3LNUe2FUoWSbUB,Exp,Cir,9,NumLinks,NA,100,1,6
R_27egdMDRIo5pmmf,Exp,Cir,9,NumLinks,NA,140,2,1
R_r3Cjj7orUCVKs49,Exp,Cir,9,NumLinks,NA,100,1,8
R_1nN1uGAejYWDewa,Exp,Cir,9,NumLinks,NA,100,1,2
R_ZvPZVGIFe2bN7SV,Exp,Fru,1,NumHighDegree,NA,30,1,1
R_r9gtXh2BskCbEDT,Exp,Fru,1,NumHighDegree,NA,100,2,6
R_ZvPZVGIFe2bN7SV,Exp,Fru,1,ClickHighDeg,X1,289,1,7
R_ZvPZVGIFe2bN7SV,Exp,Fru,1,ClickHighDeg,Y1,402,1,7
R_ZvPZVGIFe2bN7SV,Exp,Fru,1,BC,X1,456,1,5
R_ZvPZVGIFe2bN7SV,Exp,Fru,1,BC,Y1,331,1,5
R_ZvPZVGIFe2bN7SV,Exp,Fru,1,BC,X2,447,1,5
R_ZvPZVGIFe2bN7SV,Exp,Fru,1,BC,Y2,172,1,5
R_ZvPZVGIFe2bN7SV,Exp,Fru,1,ClustConf,NA,Somewhat doubtful (26-50%),1,9
R_r9gtXh2BskCbEDT,Exp,Fru,1,ClustConf,NA,Somewhat confident (51-75%),2,5
R_ZvPZVGIFe2bN7SV,Exp,Fru,1,NumClust,NA,3,1,2
R_r9gtXh2BskCbEDT,Exp,Fru,1,NumClust,NA,2,2,1
R_ZvPZVGIFe2bN7SV,Exp,Fru,1,LargeClust1,NA,36,1,8
R_r9gtXh2BskCbEDT,Exp,Fru,1,LargeClust1,NA,50,2,8
R_ZvPZVGIFe2bN7SV,Exp,Fru,1,NumNodes,NA,30,1,3
R_r9gtXh2BskCbEDT,Exp,Fru,1,NumNodes,NA,28,2,9
R_ZvPZVGIFe2bN7SV,Exp,Fru,1,AvgDeg,NA,15,1,6
R_r9gtXh2BskCbEDT,Exp,Fru,1,AvgDeg,NA,500,2,7
R_ZvPZVGIFe2bN7SV,Exp,Fru,1,NumLinks,NA,900,1,4
R_r9gtXh2BskCbEDT,Exp,Fru,1,NumLinks,NA,1000,2,4
R_2YYaCBHefr1qmkN,Exp,Fru,7,NumHighDegree,NA,30,1,2
R_ZvPZVGIFe2bN7SV,Exp,Fru,7,NumHighDegree,NA,20,2,1
R_r9gtXh2BskCbEDT,Exp,Fru,7,NumHighDegree,NA,100,1,8
R_2YYaCBHefr1qmkN,Exp,Fru,7,ClickHighDeg,X1,183,1,6
R_ZvPZVGIFe2bN7SV,Exp,Fru,7,ClickHighDeg,X1,186,2,6
R_r9gtXh2BskCbEDT,Exp,Fru,7,ClickHighDeg,X1,549,1,3
R_2YYaCBHefr1qmkN,Exp,Fru,7,ClickHighDeg,Y1,344,1,6
R_ZvPZVGIFe2bN7SV,Exp,Fru,7,ClickHighDeg,Y1,348,2,6
R_r9gtXh2BskCbEDT,Exp,Fru,7,ClickHighDeg,Y1,420,1,3
R_2YYaCBHefr1qmkN,Exp,Fru,7,BC,X1,313,1,9
R_ZvPZVGIFe2bN7SV,Exp,Fru,7,BC,X1,431,2,9
R_2YYaCBHefr1qmkN,Exp,Fru,7,BC,Y1,359,1,9
R_ZvPZVGIFe2bN7SV,Exp,Fru,7,BC,Y1,323,2,9
R_2YYaCBHefr1qmkN,Exp,Fru,7,BC,X2,497,1,9
R_ZvPZVGIFe2bN7SV,Exp,Fru,7,BC,X2,384,2,9
R_2YYaCBHefr1qmkN,Exp,Fru,7,BC,Y2,458,1,9
R_ZvPZVGIFe2bN7SV,Exp,Fru,7,BC,Y2,373,2,9
R_2YYaCBHefr1qmkN,Exp,Fru,7,BC,X3,382,1,9
R_ZvPZVGIFe2bN7SV,Exp,Fru,7,BC,X3,308,2,9
R_2YYaCBHefr1qmkN,Exp,Fru,7,BC,Y3,561,1,9
R_ZvPZVGIFe2bN7SV,Exp,Fru,7,BC,Y3,326,2,9
R_2YYaCBHefr1qmkN,Exp,Fru,7,BC,X4,396,1,9
R_ZvPZVGIFe2bN7SV,Exp,Fru,7,BC,X4,367,2,9
R_2YYaCBHefr1qmkN,Exp,Fru,7,BC,Y4,112,1,9
R_ZvPZVGIFe2bN7SV,Exp,Fru,7,BC,Y4,320,2,9
R_2YYaCBHefr1qmkN,Exp,Fru,7,BC,X5,126,1,9
R_2YYaCBHefr1qmkN,Exp,Fru,7,BC,Y5,476,1,9
R_2YYaCBHefr1qmkN,Exp,Fru,7,ClustConf,NA,Somewhat doubtful (26-50%),1,1
R_ZvPZVGIFe2bN7SV,Exp,Fru,7,ClustConf,NA,Somewhat confident (51-75%),2,7
R_r9gtXh2BskCbEDT,Exp,Fru,7,ClustConf,NA,Somewhat confident (51-75%),1,4
R_2YYaCBHefr1qmkN,Exp,Fru,7,NumClust,NA,15,1,3
R_ZvPZVGIFe2bN7SV,Exp,Fru,7,NumClust,NA,4,2,3
R_r9gtXh2BskCbEDT,Exp,Fru,7,NumClust,NA,4,1,5
R_2YYaCBHefr1qmkN,Exp,Fru,7,LargeClust1,NA,25,1,4
R_ZvPZVGIFe2bN7SV,Exp,Fru,7,LargeClust1,NA,40,2,8
R_r9gtXh2BskCbEDT,Exp,Fru,7,LargeClust1,NA,55,1,9
R_2YYaCBHefr1qmkN,Exp,Fru,7,NumNodes,NA,80,1,8
R_ZvPZVGIFe2bN7SV,Exp,Fru,7,NumNodes,NA,100,2,5
R_r9gtXh2BskCbEDT,Exp,Fru,7,NumNodes,NA,1000,1,2
R_2YYaCBHefr1qmkN,Exp,Fru,7,AvgDeg,NA,6,1,5
R_ZvPZVGIFe2bN7SV,Exp,Fru,7,AvgDeg,NA,5,2,2
R_r9gtXh2BskCbEDT,Exp,Fru,7,AvgDeg,NA,500,1,6
R_2YYaCBHefr1qmkN,Exp,Fru,7,NumLinks,NA,250,1,7
R_ZvPZVGIFe2bN7SV,Exp,Fru,7,NumLinks,NA,500,2,4
R_r9gtXh2BskCbEDT,Exp,Fru,7,NumLinks,NA,10000,1,1
R_ZvPZVGIFe2bN7SV,Exp,Fru,9,NumHighDegree,NA,20,3,9
R_r9gtXh2BskCbEDT,Exp,Fru,9,NumHighDegree,NA,25,3,2
R_ZvPZVGIFe2bN7SV,Exp,Fru,9,ClickHighDeg,X1,207,3,4
R_r9gtXh2BskCbEDT,Exp,Fru,9,ClickHighDeg,X1,209,3,7
R_ZvPZVGIFe2bN7SV,Exp,Fru,9,ClickHighDeg,Y1,426,3,4
R_r9gtXh2BskCbEDT,Exp,Fru,9,ClickHighDeg,Y1,427,3,7
R_ZvPZVGIFe2bN7SV,Exp,Fru,9,BC,X1,402,3,8
R_ZvPZVGIFe2bN7SV,Exp,Fru,9,BC,Y1,463,3,8
R_ZvPZVGIFe2bN7SV,Exp,Fru,9,BC,X2,272,3,8
R_ZvPZVGIFe2bN7SV,Exp,Fru,9,BC,Y2,337,3,8
R_ZvPZVGIFe2bN7SV,Exp,Fru,9,BC,X3,349,3,8
R_ZvPZVGIFe2bN7SV,Exp,Fru,9,BC,Y3,160,3,8
R_ZvPZVGIFe2bN7SV,Exp,Fru,9,ClustConf,NA,Somewhat doubtful (26-50%),3,5
R_r9gtXh2BskCbEDT,Exp,Fru,9,ClustConf,NA,Somewhat confident (51-75%),3,8
R_ZvPZVGIFe2bN7SV,Exp,Fru,9,NumClust,NA,3,3,1
R_r9gtXh2BskCbEDT,Exp,Fru,9,NumClust,NA,10,3,1
R_ZvPZVGIFe2bN7SV,Exp,Fru,9,LargeClust1,NA,50,3,3
R_r9gtXh2BskCbEDT,Exp,Fru,9,LargeClust1,NA,34,3,5
R_ZvPZVGIFe2bN7SV,Exp,Fru,9,NumNodes,NA,100,3,7
R_r9gtXh2BskCbEDT,Exp,Fru,9,NumNodes,NA,150,3,4
R_ZvPZVGIFe2bN7SV,Exp,Fru,9,AvgDeg,NA,4,3,6
R_r9gtXh2BskCbEDT,Exp,Fru,9,AvgDeg,NA,600,3,6
R_ZvPZVGIFe2bN7SV,Exp,Fru,9,NumLinks,NA,500,3,2
R_r9gtXh2BskCbEDT,Exp,Fru,9,NumLinks,NA,500,3,9
R_1ia1bRBaPERksKG,Exp,Ord,1,NumHighDegree,NA,5,1,6
R_xx8wP4F9CxVHQ5P,Exp,Ord,1,NumHighDegree,NA,20,3,7
R_2UXWSvEnHMJfXIr,Exp,Ord,1,NumHighDegree,NA,25,3,4
R_3JCs1fRSQqrjLsR,Exp,Ord,1,NumHighDegree,NA,20,1,4
R_1ia1bRBaPERksKG,Exp,Ord,1,ClickHighDeg,X1,421,1,3
R_xx8wP4F9CxVHQ5P,Exp,Ord,1,ClickHighDeg,X1,316,3,9
R_2UXWSvEnHMJfXIr,Exp,Ord,1,ClickHighDeg,X1,397,3,7
R_3JCs1fRSQqrjLsR,Exp,Ord,1,ClickHighDeg,X1,242,1,7
R_1ia1bRBaPERksKG,Exp,Ord,1,ClickHighDeg,Y1,363,1,3
R_xx8wP4F9CxVHQ5P,Exp,Ord,1,ClickHighDeg,Y1,47,3,9
R_2UXWSvEnHMJfXIr,Exp,Ord,1,ClickHighDeg,Y1,471,3,7
R_3JCs1fRSQqrjLsR,Exp,Ord,1,ClickHighDeg,Y1,374,1,7
R_1ia1bRBaPERksKG,Exp,Ord,1,BC,X1,423,1,1
R_xx8wP4F9CxVHQ5P,Exp,Ord,1,BC,X1,414,3,4
R_2UXWSvEnHMJfXIr,Exp,Ord,1,BC,X1,189,3,9
R_3JCs1fRSQqrjLsR,Exp,Ord,1,BC,X1,427,1,1
R_1ia1bRBaPERksKG,Exp,Ord,1,BC,Y1,364,1,1
R_xx8wP4F9CxVHQ5P,Exp,Ord,1,BC,Y1,367,3,4
R_2UXWSvEnHMJfXIr,Exp,Ord,1,BC,Y1,81,3,9
R_3JCs1fRSQqrjLsR,Exp,Ord,1,BC,Y1,365,1,1
R_1ia1bRBaPERksKG,Exp,Ord,1,BC,X2,413,1,1
R_2UXWSvEnHMJfXIr,Exp,Ord,1,BC,X2,429,3,9
R_3JCs1fRSQqrjLsR,Exp,Ord,1,BC,X2,396,1,1
R_1ia1bRBaPERksKG,Exp,Ord,1,BC,Y2,369,1,1
R_2UXWSvEnHMJfXIr,Exp,Ord,1,BC,Y2,135,3,9
R_3JCs1fRSQqrjLsR,Exp,Ord,1,BC,Y2,472,1,1
R_1ia1bRBaPERksKG,Exp,Ord,1,BC,X3,478,1,1
R_3JCs1fRSQqrjLsR,Exp,Ord,1,BC,X3,578,1,1
R_1ia1bRBaPERksKG,Exp,Ord,1,BC,Y3,409,1,1
R_3JCs1fRSQqrjLsR,Exp,Ord,1,BC,Y3,370,1,1
R_1ia1bRBaPERksKG,Exp,Ord,1,BC,X4,396,1,1
R_3JCs1fRSQqrjLsR,Exp,Ord,1,BC,X4,102,1,1
R_1ia1bRBaPERksKG,Exp,Ord,1,BC,Y4,474,1,1
R_3JCs1fRSQqrjLsR,Exp,Ord,1,BC,Y4,514,1,1
R_1ia1bRBaPERksKG,Exp,Ord,1,BC,X5,367,1,1
R_3JCs1fRSQqrjLsR,Exp,Ord,1,BC,X5,694,1,1
R_1ia1bRBaPERksKG,Exp,Ord,1,BC,Y5,403,1,1
R_3JCs1fRSQqrjLsR,Exp,Ord,1,BC,Y5,434,1,1
R_1ia1bRBaPERksKG,Exp,Ord,1,ClustConf,NA,Somewhat doubtful (26-50%),1,5
R_xx8wP4F9CxVHQ5P,Exp,Ord,1,ClustConf,NA,Very doubtful (0-25%),3,1
R_2UXWSvEnHMJfXIr,Exp,Ord,1,ClustConf,NA,Somewhat doubtful (26-50%),3,1
R_3JCs1fRSQqrjLsR,Exp,Ord,1,ClustConf,NA,Somewhat doubtful (26-50%),1,5
R_1ia1bRBaPERksKG,Exp,Ord,1,NumClust,NA,6,1,8
R_xx8wP4F9CxVHQ5P,Exp,Ord,1,NumClust,NA,4,3,5
R_2UXWSvEnHMJfXIr,Exp,Ord,1,NumClust,NA,2,3,6
R_3JCs1fRSQqrjLsR,Exp,Ord,1,NumClust,NA,10,1,8
R_1ia1bRBaPERksKG,Exp,Ord,1,LargeClust1,NA,45,1,4
R_xx8wP4F9CxVHQ5P,Exp,Ord,1,LargeClust1,NA,30,3,3
R_2UXWSvEnHMJfXIr,Exp,Ord,1,LargeClust1,NA,15,3,2
R_3JCs1fRSQqrjLsR,Exp,Ord,1,LargeClust1,NA,56,1,9
R_1ia1bRBaPERksKG,Exp,Ord,1,NumNodes,NA,30,1,2
R_xx8wP4F9CxVHQ5P,Exp,Ord,1,NumNodes,NA,34,3,2
R_2UXWSvEnHMJfXIr,Exp,Ord,1,NumNodes,NA,15,3,3
R_3JCs1fRSQqrjLsR,Exp,Ord,1,NumNodes,NA,29,1,6
R_1ia1bRBaPERksKG,Exp,Ord,1,AvgDeg,NA,10,1,9
R_xx8wP4F9CxVHQ5P,Exp,Ord,1,AvgDeg,NA,12,3,8
R_2UXWSvEnHMJfXIr,Exp,Ord,1,AvgDeg,NA,8,3,5
R_3JCs1fRSQqrjLsR,Exp,Ord,1,AvgDeg,NA,15,1,3
R_1ia1bRBaPERksKG,Exp,Ord,1,NumLinks,NA,1000,1,7
R_xx8wP4F9CxVHQ5P,Exp,Ord,1,NumLinks,NA,204,3,6
R_2UXWSvEnHMJfXIr,Exp,Ord,1,NumLinks,NA,120,3,8
R_3JCs1fRSQqrjLsR,Exp,Ord,1,NumLinks,NA,60,1,2
R_1ia1bRBaPERksKG,Exp,Ord,7,NumHighDegree,NA,35,2,2
R_xx8wP4F9CxVHQ5P,Exp,Ord,7,NumHighDegree,NA,30,2,8
R_2UXWSvEnHMJfXIr,Exp,Ord,7,NumHighDegree,NA,15,2,6
R_3JCs1fRSQqrjLsR,Exp,Ord,7,NumHighDegree,NA,150,2,9
R_1ia1bRBaPERksKG,Exp,Ord,7,ClickHighDeg,X1,526,2,7
R_xx8wP4F9CxVHQ5P,Exp,Ord,7,ClickHighDeg,X1,525,2,2
R_2UXWSvEnHMJfXIr,Exp,Ord,7,ClickHighDeg,X1,524,2,9
R_3JCs1fRSQqrjLsR,Exp,Ord,7,ClickHighDeg,X1,324,2,7
R_1ia1bRBaPERksKG,Exp,Ord,7,ClickHighDeg,Y1,145,2,7
R_xx8wP4F9CxVHQ5P,Exp,Ord,7,ClickHighDeg,Y1,147,2,2
R_2UXWSvEnHMJfXIr,Exp,Ord,7,ClickHighDeg,Y1,143,2,9
R_3JCs1fRSQqrjLsR,Exp,Ord,7,ClickHighDeg,Y1,648,2,7
R_1ia1bRBaPERksKG,Exp,Ord,7,BC,X1,190,2,1
R_xx8wP4F9CxVHQ5P,Exp,Ord,7,BC,X1,323,2,5
R_2UXWSvEnHMJfXIr,Exp,Ord,7,BC,X1,474,2,8
R_3JCs1fRSQqrjLsR,Exp,Ord,7,BC,X1,470,2,5
R_1ia1bRBaPERksKG,Exp,Ord,7,BC,Y1,65,2,1
R_xx8wP4F9CxVHQ5P,Exp,Ord,7,BC,Y1,649,2,5
R_2UXWSvEnHMJfXIr,Exp,Ord,7,BC,Y1,363,2,8
R_3JCs1fRSQqrjLsR,Exp,Ord,7,BC,Y1,367,2,5
R_1ia1bRBaPERksKG,Exp,Ord,7,BC,X2,526,2,1
R_xx8wP4F9CxVHQ5P,Exp,Ord,7,BC,X2,189,2,5
R_2UXWSvEnHMJfXIr,Exp,Ord,7,BC,X2,323,2,8
R_3JCs1fRSQqrjLsR,Exp,Ord,7,BC,X2,283,2,5
R_1ia1bRBaPERksKG,Exp,Ord,7,BC,Y2,102,2,1
R_xx8wP4F9CxVHQ5P,Exp,Ord,7,BC,Y2,65,2,5
R_2UXWSvEnHMJfXIr,Exp,Ord,7,BC,Y2,646,2,8
R_3JCs1fRSQqrjLsR,Exp,Ord,7,BC,Y2,302,2,5
R_1ia1bRBaPERksKG,Exp,Ord,7,BC,X3,323,2,1
R_xx8wP4F9CxVHQ5P,Exp,Ord,7,BC,X3,473,2,5
R_2UXWSvEnHMJfXIr,Exp,Ord,7,BC,X3,186,2,8
R_3JCs1fRSQqrjLsR,Exp,Ord,7,BC,X3,284,2,5
R_1ia1bRBaPERksKG,Exp,Ord,7,BC,Y3,649,2,1
R_xx8wP4F9CxVHQ5P,Exp,Ord,7,BC,Y3,366,2,5
R_2UXWSvEnHMJfXIr,Exp,Ord,7,BC,Y3,65,2,8
R_3JCs1fRSQqrjLsR,Exp,Ord,7,BC,Y3,229,2,5
R_1ia1bRBaPERksKG,Exp,Ord,7,BC,X4,469,2,1
R_xx8wP4F9CxVHQ5P,Exp,Ord,7,BC,X4,295,2,5
R_2UXWSvEnHMJfXIr,Exp,Ord,7,BC,X4,283,2,8
R_3JCs1fRSQqrjLsR,Exp,Ord,7,BC,X4,296,2,5
R_1ia1bRBaPERksKG,Exp,Ord,7,BC,Y4,363,2,1
R_xx8wP4F9CxVHQ5P,Exp,Ord,7,BC,Y4,203,2,5
R_2UXWSvEnHMJfXIr,Exp,Ord,7,BC,Y4,196,2,8
R_3JCs1fRSQqrjLsR,Exp,Ord,7,BC,Y4,205,2,5
R_1ia1bRBaPERksKG,Exp,Ord,7,BC,X5,288,2,1
R_3JCs1fRSQqrjLsR,Exp,Ord,7,BC,X5,356,2,5
R_1ia1bRBaPERksKG,Exp,Ord,7,BC,Y5,299,2,1
R_3JCs1fRSQqrjLsR,Exp,Ord,7,BC,Y5,298,2,5
R_1ia1bRBaPERksKG,Exp,Ord,7,ClustConf,NA,Somewhat confident (51-75%),2,5
R_xx8wP4F9CxVHQ5P,Exp,Ord,7,ClustConf,NA,Very doubtful (0-25%),2,9
R_2UXWSvEnHMJfXIr,Exp,Ord,7,ClustConf,NA,Somewhat confident (51-75%),2,4
R_3JCs1fRSQqrjLsR,Exp,Ord,7,ClustConf,NA,Somewhat confident (51-75%),2,8
R_1ia1bRBaPERksKG,Exp,Ord,7,NumClust,NA,6,2,8
R_xx8wP4F9CxVHQ5P,Exp,Ord,7,NumClust,NA,16,2,4
R_2UXWSvEnHMJfXIr,Exp,Ord,7,NumClust,NA,6,2,7
R_3JCs1fRSQqrjLsR,Exp,Ord,7,NumClust,NA,6,2,4
R_1ia1bRBaPERksKG,Exp,Ord,7,LargeClust1,NA,35,2,6
R_xx8wP4F9CxVHQ5P,Exp,Ord,7,LargeClust1,NA,25,2,6
R_2UXWSvEnHMJfXIr,Exp,Ord,7,LargeClust1,NA,29,2,1
R_3JCs1fRSQqrjLsR,Exp,Ord,7,LargeClust1,NA,83,2,1
R_1ia1bRBaPERksKG,Exp,Ord,7,NumNodes,NA,100,2,9
R_xx8wP4F9CxVHQ5P,Exp,Ord,7,NumNodes,NA,170,2,3
R_2UXWSvEnHMJfXIr,Exp,Ord,7,NumNodes,NA,150,2,5
R_3JCs1fRSQqrjLsR,Exp,Ord,7,NumNodes,NA,300,2,6
R_1ia1bRBaPERksKG,Exp,Ord,7,AvgDeg,NA,6,2,4
R_xx8wP4F9CxVHQ5P,Exp,Ord,7,AvgDeg,NA,6,2,1
R_2UXWSvEnHMJfXIr,Exp,Ord,7,AvgDeg,NA,2.67,2,3
R_3JCs1fRSQqrjLsR,Exp,Ord,7,AvgDeg,NA,150,2,3
R_1ia1bRBaPERksKG,Exp,Ord,7,NumLinks,NA,500,2,3
R_xx8wP4F9CxVHQ5P,Exp,Ord,7,NumLinks,NA,510,2,7
R_2UXWSvEnHMJfXIr,Exp,Ord,7,NumLinks,NA,400,2,2
R_3JCs1fRSQqrjLsR,Exp,Ord,7,NumLinks,NA,500,2,2
R_2D5G9C2Kt3UZLDg,Exp,Ord,9,NumHighDegree,NA,25,1,3
R_1ia1bRBaPERksKG,Exp,Ord,9,NumHighDegree,NA,9,3,9
R_xx8wP4F9CxVHQ5P,Exp,Ord,9,NumHighDegree,NA,14,1,3
R_2UXWSvEnHMJfXIr,Exp,Ord,9,NumHighDegree,NA,18,1,9
R_3JCs1fRSQqrjLsR,Exp,Ord,9,NumHighDegree,NA,80,3,6
R_2D5G9C2Kt3UZLDg,Exp,Ord,9,ClickHighDeg,X1,287,1,7
R_1ia1bRBaPERksKG,Exp,Ord,9,ClickHighDeg,X1,286,3,4
R_xx8wP4F9CxVHQ5P,Exp,Ord,9,ClickHighDeg,X1,313,1,9
R_2UXWSvEnHMJfXIr,Exp,Ord,9,ClickHighDeg,X1,287,1,4
R_3JCs1fRSQqrjLsR,Exp,Ord,9,ClickHighDeg,X1,525,3,7
R_2D5G9C2Kt3UZLDg,Exp,Ord,9,ClickHighDeg,Y1,477,1,7
R_1ia1bRBaPERksKG,Exp,Ord,9,ClickHighDeg,Y1,507,3,4
R_xx8wP4F9CxVHQ5P,Exp,Ord,9,ClickHighDeg,Y1,372,1,9
R_2UXWSvEnHMJfXIr,Exp,Ord,9,ClickHighDeg,Y1,475,1,4
R_3JCs1fRSQqrjLsR,Exp,Ord,9,ClickHighDeg,Y1,437,3,7
R_2D5G9C2Kt3UZLDg,Exp,Ord,9,BC,X1,82,1,8
R_1ia1bRBaPERksKG,Exp,Ord,9,BC,X1,102,3,5
R_xx8wP4F9CxVHQ5P,Exp,Ord,9,BC,X1,261,1,1
R_2UXWSvEnHMJfXIr,Exp,Ord,9,BC,X1,84,1,6
R_3JCs1fRSQqrjLsR,Exp,Ord,9,BC,X1,347,3,8
R_2D5G9C2Kt3UZLDg,Exp,Ord,9,BC,Y1,586,1,8
R_1ia1bRBaPERksKG,Exp,Ord,9,BC,Y1,372,3,5
R_xx8wP4F9CxVHQ5P,Exp,Ord,9,BC,Y1,369,1,1
R_2UXWSvEnHMJfXIr,Exp,Ord,9,BC,Y1,589,1,6
R_3JCs1fRSQqrjLsR,Exp,Ord,9,BC,Y1,473,3,8
R_2D5G9C2Kt3UZLDg,Exp,Ord,9,BC,X2,103,1,8
R_1ia1bRBaPERksKG,Exp,Ord,9,BC,X2,296,3,5
R_xx8wP4F9CxVHQ5P,Exp,Ord,9,BC,X2,549,1,1
R_2UXWSvEnHMJfXIr,Exp,Ord,9,BC,X2,577,1,6
R_3JCs1fRSQqrjLsR,Exp,Ord,9,BC,X2,304,3,8
R_2D5G9C2Kt3UZLDg,Exp,Ord,9,BC,Y2,373,1,8
R_1ia1bRBaPERksKG,Exp,Ord,9,BC,Y2,178,3,5
R_xx8wP4F9CxVHQ5P,Exp,Ord,9,BC,Y2,410,1,1
R_2UXWSvEnHMJfXIr,Exp,Ord,9,BC,Y2,387,1,6
R_3JCs1fRSQqrjLsR,Exp,Ord,9,BC,Y2,399,3,8
R_2D5G9C2Kt3UZLDg,Exp,Ord,9,BC,X3,644,1,8
R_1ia1bRBaPERksKG,Exp,Ord,9,BC,X3,81,3,5
R_xx8wP4F9CxVHQ5P,Exp,Ord,9,BC,X3,198,1,1
R_2UXWSvEnHMJfXIr,Exp,Ord,9,BC,X3,529,1,6
R_3JCs1fRSQqrjLsR,Exp,Ord,9,BC,X3,491,3,8
R_2D5G9C2Kt3UZLDg,Exp,Ord,9,BC,Y3,341,1,8
R_1ia1bRBaPERksKG,Exp,Ord,9,BC,Y3,589,3,5
R_xx8wP4F9CxVHQ5P,Exp,Ord,9,BC,Y3,394,1,1
R_2UXWSvEnHMJfXIr,Exp,Ord,9,BC,Y3,326,1,6
R_3JCs1fRSQqrjLsR,Exp,Ord,9,BC,Y3,453,3,8
R_2D5G9C2Kt3UZLDg,Exp,Ord,9,BC,X4,268,1,8
R_1ia1bRBaPERksKG,Exp,Ord,9,BC,X4,304,3,5
R_xx8wP4F9CxVHQ5P,Exp,Ord,9,BC,X4,301,1,1
R_2UXWSvEnHMJfXIr,Exp,Ord,9,BC,X4,264,1,6
R_3JCs1fRSQqrjLsR,Exp,Ord,9,BC,X4,219,3,8
R_2D5G9C2Kt3UZLDg,Exp,Ord,9,BC,Y4,644,1,8
R_1ia1bRBaPERksKG,Exp,Ord,9,BC,Y4,563,3,5
R_xx8wP4F9CxVHQ5P,Exp,Ord,9,BC,Y4,561,1,1
R_2UXWSvEnHMJfXIr,Exp,Ord,9,BC,Y4,369,1,6
R_3JCs1fRSQqrjLsR,Exp,Ord,9,BC,Y4,583,3,8
R_2D5G9C2Kt3UZLDg,Exp,Ord,9,BC,X5,220,1,8
R_1ia1bRBaPERksKG,Exp,Ord,9,BC,X5,620,3,5
R_xx8wP4F9CxVHQ5P,Exp,Ord,9,BC,X5,352,1,1
R_2UXWSvEnHMJfXIr,Exp,Ord,9,BC,X5,297,1,6
R_3JCs1fRSQqrjLsR,Exp,Ord,9,BC,X5,317,3,8
R_2D5G9C2Kt3UZLDg,Exp,Ord,9,BC,Y5,362,1,8
R_1ia1bRBaPERksKG,Exp,Ord,9,BC,Y5,548,3,5
R_xx8wP4F9CxVHQ5P,Exp,Ord,9,BC,Y5,472,1,1
R_2UXWSvEnHMJfXIr,Exp,Ord,9,BC,Y5,184,1,6
R_3JCs1fRSQqrjLsR,Exp,Ord,9,BC,Y5,465,3,8
R_2D5G9C2Kt3UZLDg,Exp,Ord,9,ClustConf,NA,Somewhat confident (51-75%),1,2
R_1ia1bRBaPERksKG,Exp,Ord,9,ClustConf,NA,Somewhat doubtful (26-50%),3,2
R_xx8wP4F9CxVHQ5P,Exp,Ord,9,ClustConf,NA,Very doubtful (0-25%),1,7
R_2UXWSvEnHMJfXIr,Exp,Ord,9,ClustConf,NA,Somewhat confident (51-75%),1,8
R_3JCs1fRSQqrjLsR,Exp,Ord,9,ClustConf,NA,Somewhat confident (51-75%),3,2
R_2D5G9C2Kt3UZLDg,Exp,Ord,9,NumClust,NA,25,1,6
R_1ia1bRBaPERksKG,Exp,Ord,9,NumClust,NA,9,3,3
R_xx8wP4F9CxVHQ5P,Exp,Ord,9,NumClust,NA,28,1,4
R_2UXWSvEnHMJfXIr,Exp,Ord,9,NumClust,NA,22,1,1
R_3JCs1fRSQqrjLsR,Exp,Ord,9,NumClust,NA,5,3,5
R_2D5G9C2Kt3UZLDg,Exp,Ord,9,LargeClust1,NA,10,1,9
R_1ia1bRBaPERksKG,Exp,Ord,9,LargeClust1,NA,40,3,6
R_xx8wP4F9CxVHQ5P,Exp,Ord,9,LargeClust1,NA,10,1,6
R_2UXWSvEnHMJfXIr,Exp,Ord,9,LargeClust1,NA,7,1,3
R_3JCs1fRSQqrjLsR,Exp,Ord,9,LargeClust1,NA,30,3,4
R_2D5G9C2Kt3UZLDg,Exp,Ord,9,NumNodes,NA,300,1,1
R_1ia1bRBaPERksKG,Exp,Ord,9,NumNodes,NA,100,3,1
R_xx8wP4F9CxVHQ5P,Exp,Ord,9,NumNodes,NA,300,1,8
R_2UXWSvEnHMJfXIr,Exp,Ord,9,NumNodes,NA,240,1,5
R_3JCs1fRSQqrjLsR,Exp,Ord,9,NumNodes,NA,600,3,9
R_2D5G9C2Kt3UZLDg,Exp,Ord,9,AvgDeg,NA,2,1,5
R_1ia1bRBaPERksKG,Exp,Ord,9,AvgDeg,NA,4,3,8
R_xx8wP4F9CxVHQ5P,Exp,Ord,9,AvgDeg,NA,5,1,5
R_2UXWSvEnHMJfXIr,Exp,Ord,9,AvgDeg,NA,1.5,1,2
R_3JCs1fRSQqrjLsR,Exp,Ord,9,AvgDeg,NA,5,3,1
R_2D5G9C2Kt3UZLDg,Exp,Ord,9,NumLinks,NA,100,1,4
R_1ia1bRBaPERksKG,Exp,Ord,9,NumLinks,NA,500,3,7
R_xx8wP4F9CxVHQ5P,Exp,Ord,9,NumLinks,NA,750,1,2
R_2UXWSvEnHMJfXIr,Exp,Ord,9,NumLinks,NA,360,1,7
R_3JCs1fRSQqrjLsR,Exp,Ord,9,NumLinks,NA,300,3,3
R_1QGVtEThdRCfk9E,Training,Siz,0,NumNodes,NA,8,0,0
R_1M3UTwCUjAQdcM0,Training,Ctrl,0,NumNodes,NA,8,0,0
R_2arbM9OmECoS2q8,Training,Col,0,NumNodes,NA,8,0,0
R_1IsCZYNrR2sSZ9t,Training,Col,0,NumNodes,NA,8,0,0
R_1C6ZLfppnr2hHJ3,Training,Ctrl,0,NumNodes,NA,8,0,0
R_8d1VqNkok6YG0zD,Training,Ctrl,0,NumNodes,NA,8,0,0
R_1PRB2ZJPaDyYg5u,Training,Ctrl,0,NumNodes,NA,8,0,0
R_x8YEnmKnNoodq4p,Training,Ctrl,0,NumNodes,NA,8,0,0
R_1QGVtEThdRCfk9E,Training,Siz,0,NumLinks,NA,14,0,1
R_1M3UTwCUjAQdcM0,Training,Ctrl,0,NumLinks,NA,14,0,1
R_2arbM9OmECoS2q8,Training,Col,0,NumLinks,NA,11,0,1
R_1IsCZYNrR2sSZ9t,Training,Col,0,NumLinks,NA,15,0,1
R_1C6ZLfppnr2hHJ3,Training,Ctrl,0,NumLinks,NA,14,0,1
R_8d1VqNkok6YG0zD,Training,Ctrl,0,NumLinks,NA,11,0,1
R_1PRB2ZJPaDyYg5u,Training,Ctrl,0,NumLinks,NA,8,0,1
R_x8YEnmKnNoodq4p,Training,Ctrl,0,NumLinks,NA,12,0,1
R_1QGVtEThdRCfk9E,Training,Siz,0,ClickHighDeg,X1,481,0,2
R_1M3UTwCUjAQdcM0,Training,Ctrl,0,ClickHighDeg,X1,394,0,2
R_2arbM9OmECoS2q8,Training,Col,0,ClickHighDeg,X1,394,0,2
R_1IsCZYNrR2sSZ9t,Training,Col,0,ClickHighDeg,X1,480,0,2
R_1C6ZLfppnr2hHJ3,Training,Ctrl,0,ClickHighDeg,X1,382,0,2
R_8d1VqNkok6YG0zD,Training,Ctrl,0,ClickHighDeg,X1,480,0,2
R_1PRB2ZJPaDyYg5u,Training,Ctrl,0,ClickHighDeg,X1,481,0,2
R_x8YEnmKnNoodq4p,Training,Ctrl,0,ClickHighDeg,X1,479,0,2
R_1QGVtEThdRCfk9E,Training,Siz,0,ClickHighDeg,Y1,359,0,2
R_1M3UTwCUjAQdcM0,Training,Ctrl,0,ClickHighDeg,Y1,467,0,2
R_2arbM9OmECoS2q8,Training,Col,0,ClickHighDeg,Y1,469,0,2
R_1IsCZYNrR2sSZ9t,Training,Col,0,ClickHighDeg,Y1,359,0,2
R_1C6ZLfppnr2hHJ3,Training,Ctrl,0,ClickHighDeg,Y1,579,0,2
R_8d1VqNkok6YG0zD,Training,Ctrl,0,ClickHighDeg,Y1,353,0,2
R_1PRB2ZJPaDyYg5u,Training,Ctrl,0,ClickHighDeg,Y1,356,0,2
R_x8YEnmKnNoodq4p,Training,Ctrl,0,ClickHighDeg,Y1,358,0,2
R_1QGVtEThdRCfk9E,Training,Siz,0,NumClust,NA,1,0,3
R_1M3UTwCUjAQdcM0,Training,Ctrl,0,NumClust,NA,2,0,3
R_2arbM9OmECoS2q8,Training,Col,0,NumClust,NA,1,0,3
R_1IsCZYNrR2sSZ9t,Training,Col,0,NumClust,NA,4,0,3
R_1C6ZLfppnr2hHJ3,Training,Ctrl,0,NumClust,NA,3,0,3
R_8d1VqNkok6YG0zD,Training,Ctrl,0,NumClust,NA,1,0,3
R_1PRB2ZJPaDyYg5u,Training,Ctrl,0,NumClust,NA,3,0,3
R_x8YEnmKnNoodq4p,Training,Ctrl,0,NumClust,NA,2,0,3
R_1QGVtEThdRCfk9E,Training,Siz,0,LargeClust1,NA,60,0,4
R_1M3UTwCUjAQdcM0,Training,Ctrl,0,LargeClust1,NA,70,0,4
R_2arbM9OmECoS2q8,Training,Col,0,LargeClust1,NA,62,0,4
R_1IsCZYNrR2sSZ9t,Training,Col,0,LargeClust1,NA,60,0,4
R_1C6ZLfppnr2hHJ3,Training,Ctrl,0,LargeClust1,NA,40,0,4
R_8d1VqNkok6YG0zD,Training,Ctrl,0,LargeClust1,NA,60,0,4
R_1PRB2ZJPaDyYg5u,Training,Ctrl,0,LargeClust1,NA,75,0,4
R_x8YEnmKnNoodq4p,Training,Ctrl,0,LargeClust1,NA,81,0,4
R_1QGVtEThdRCfk9E,Training,Siz,0,BC,X1,481,0,5
R_1M3UTwCUjAQdcM0,Training,Ctrl,0,BC,X1,279,0,5
R_1IsCZYNrR2sSZ9t,Training,Col,0,BC,X1,478,0,5
R_1C6ZLfppnr2hHJ3,Training,Ctrl,0,BC,X1,480,0,5
R_8d1VqNkok6YG0zD,Training,Ctrl,0,BC,X1,482,0,5
R_1PRB2ZJPaDyYg5u,Training,Ctrl,0,BC,X1,481,0,5
R_x8YEnmKnNoodq4p,Training,Ctrl,0,BC,X1,475,0,5
R_1QGVtEThdRCfk9E,Training,Siz,0,BC,Y1,361,0,5
R_1M3UTwCUjAQdcM0,Training,Ctrl,0,BC,Y1,436,0,5
R_1IsCZYNrR2sSZ9t,Training,Col,0,BC,Y1,359,0,5
R_1C6ZLfppnr2hHJ3,Training,Ctrl,0,BC,Y1,358,0,5
R_8d1VqNkok6YG0zD,Training,Ctrl,0,BC,Y1,362,0,5
R_1PRB2ZJPaDyYg5u,Training,Ctrl,0,BC,Y1,363,0,5
R_x8YEnmKnNoodq4p,Training,Ctrl,0,BC,Y1,365,0,5
R_1M3UTwCUjAQdcM0,Training,Ctrl,0,BC,X2,394,0,5
R_1IsCZYNrR2sSZ9t,Training,Col,0,BC,X2,390,0,5
R_1C6ZLfppnr2hHJ3,Training,Ctrl,0,BC,X2,284,0,5
R_8d1VqNkok6YG0zD,Training,Ctrl,0,BC,X2,282,0,5
R_1M3UTwCUjAQdcM0,Training,Ctrl,0,BC,Y2,469,0,5
R_1IsCZYNrR2sSZ9t,Training,Col,0,BC,Y2,470,0,5
R_1C6ZLfppnr2hHJ3,Training,Ctrl,0,BC,Y2,439,0,5
R_8d1VqNkok6YG0zD,Training,Ctrl,0,BC,Y2,432,0,5
R_1M3UTwCUjAQdcM0,Training,Ctrl,0,BC,X3,481,0,5
R_1IsCZYNrR2sSZ9t,Training,Col,0,BC,X3,275,0,5
R_1M3UTwCUjAQdcM0,Training,Ctrl,0,BC,Y3,361,0,5
R_1IsCZYNrR2sSZ9t,Training,Col,0,BC,Y3,439,0,5
R_1M3UTwCUjAQdcM0,Training,Ctrl,0,BC,X4,497,0,5
R_1IsCZYNrR2sSZ9t,Training,Col,0,BC,X4,498,0,5
R_1M3UTwCUjAQdcM0,Training,Ctrl,0,BC,Y4,536,0,5
R_1IsCZYNrR2sSZ9t,Training,Col,0,BC,Y4,534,0,5
R_1M3UTwCUjAQdcM0,Training,Ctrl,0,BC,X5,381,0,5
R_1M3UTwCUjAQdcM0,Training,Ctrl,0,BC,Y5,577,0,5
R_PI3RV5qKmZ8pJkJ,Training,Phr,0,NumNodes,NA,8,0,0
R_PI3RV5qKmZ8pJkJ,Training,Phr,0,NumLinks,NA,12,0,1
R_PI3RV5qKmZ8pJkJ,Training,Phr,0,ClickHighDeg,X1,277,0,2
R_PI3RV5qKmZ8pJkJ,Training,Phr,0,ClickHighDeg,Y1,434,0,2
R_PI3RV5qKmZ8pJkJ,Training,Phr,0,NumClust,NA,1,0,3
R_PI3RV5qKmZ8pJkJ,Training,Phr,0,LargeClust1,NA,50,0,4
R_PI3RV5qKmZ8pJkJ,Training,Phr,0,BC,X1,480,0,5
R_PI3RV5qKmZ8pJkJ,Training,Phr,0,BC,Y1,359,0,5
R_PI3RV5qKmZ8pJkJ,Training,Phr,0,BC,X2,272,0,5
R_PI3RV5qKmZ8pJkJ,Training,Phr,0,BC,Y2,441,0,5
R_PI3RV5qKmZ8pJkJ,Training,Phr,0,BC,X3,395,0,5
R_PI3RV5qKmZ8pJkJ,Training,Phr,0,BC,Y3,474,0,5
R_PI3RV5qKmZ8pJkJ,Training,Phr,0,BC,X4,496,0,5
R_PI3RV5qKmZ8pJkJ,Training,Phr,0,BC,Y4,535,0,5
R_PI3RV5qKmZ8pJkJ,Training,Phr,0,BC,X5,373,0,5
R_PI3RV5qKmZ8pJkJ,Training,Phr,0,BC,Y5,583,0,5
R_3KBeiVl5xirHLQM,Training,Cir,0,NumNodes,NA,8,0,0
R_2a9UfXz1K6wvI3K,Training,Cir,0,NumNodes,NA,8,0,0
R_p3LNUe2FUoWSbUB,Training,Cir,0,NumNodes,NA,8,0,0
R_27egdMDRIo5pmmf,Training,Cir,0,NumNodes,NA,8,0,0
R_r3Cjj7orUCVKs49,Training,Cir,0,NumNodes,NA,8,0,0
R_1nN1uGAejYWDewa,Training,Cir,0,NumNodes,NA,8,0,0
R_3KBeiVl5xirHLQM,Training,Cir,0,NumLinks,NA,6,0,1
R_2a9UfXz1K6wvI3K,Training,Cir,0,NumLinks,NA,14,0,1
R_p3LNUe2FUoWSbUB,Training,Cir,0,NumLinks,NA,14,0,1
R_27egdMDRIo5pmmf,Training,Cir,0,NumLinks,NA,8,0,1
R_r3Cjj7orUCVKs49,Training,Cir,0,NumLinks,NA,13,0,1
R_1nN1uGAejYWDewa,Training,Cir,0,NumLinks,NA,14,0,1
R_3KBeiVl5xirHLQM,Training,Cir,0,ClickHighDeg,X1,233,0,2
R_2a9UfXz1K6wvI3K,Training,Cir,0,ClickHighDeg,X1,235,0,2
R_p3LNUe2FUoWSbUB,Training,Cir,0,ClickHighDeg,X1,231,0,2
R_27egdMDRIo5pmmf,Training,Cir,0,ClickHighDeg,X1,230,0,2
R_r3Cjj7orUCVKs49,Training,Cir,0,ClickHighDeg,X1,234,0,2
R_1nN1uGAejYWDewa,Training,Cir,0,ClickHighDeg,X1,231,0,2
R_3KBeiVl5xirHLQM,Training,Cir,0,ClickHighDeg,Y1,43,0,2
R_2a9UfXz1K6wvI3K,Training,Cir,0,ClickHighDeg,Y1,43,0,2
R_p3LNUe2FUoWSbUB,Training,Cir,0,ClickHighDeg,Y1,47,0,2
R_27egdMDRIo5pmmf,Training,Cir,0,ClickHighDeg,Y1,41,0,2
R_r3Cjj7orUCVKs49,Training,Cir,0,ClickHighDeg,Y1,44,0,2
R_1nN1uGAejYWDewa,Training,Cir,0,ClickHighDeg,Y1,39,0,2
R_3KBeiVl5xirHLQM,Training,Cir,0,NumClust,NA,8,0,3
R_2a9UfXz1K6wvI3K,Training,Cir,0,NumClust,NA,6,0,3
R_p3LNUe2FUoWSbUB,Training,Cir,0,NumClust,NA,3,0,3
R_27egdMDRIo5pmmf,Training,Cir,0,NumClust,NA,2,0,3
R_r3Cjj7orUCVKs49,Training,Cir,0,NumClust,NA,2,0,3
R_1nN1uGAejYWDewa,Training,Cir,0,NumClust,NA,1,0,3
R_3KBeiVl5xirHLQM,Training,Cir,0,LargeClust1,NA,6,0,4
R_2a9UfXz1K6wvI3K,Training,Cir,0,LargeClust1,NA,58,0,4
R_p3LNUe2FUoWSbUB,Training,Cir,0,LargeClust1,NA,66,0,4
R_27egdMDRIo5pmmf,Training,Cir,0,LargeClust1,NA,61,0,4
R_r3Cjj7orUCVKs49,Training,Cir,0,LargeClust1,NA,71,0,4
R_1nN1uGAejYWDewa,Training,Cir,0,LargeClust1,NA,63,0,4
R_3KBeiVl5xirHLQM,Training,Cir,0,BC,X1,686,0,5
R_2a9UfXz1K6wvI3K,Training,Cir,0,BC,X1,236,0,5
R_p3LNUe2FUoWSbUB,Training,Cir,0,BC,X1,234,0,5
R_27egdMDRIo5pmmf,Training,Cir,0,BC,X1,233,0,5
R_r3Cjj7orUCVKs49,Training,Cir,0,BC,X1,231,0,5
R_1nN1uGAejYWDewa,Training,Cir,0,BC,X1,689,0,5
R_3KBeiVl5xirHLQM,Training,Cir,0,BC,Y1,497,0,5
R_2a9UfXz1K6wvI3K,Training,Cir,0,BC,Y1,684,0,5
R_p3LNUe2FUoWSbUB,Training,Cir,0,BC,Y1,43,0,5
R_27egdMDRIo5pmmf,Training,Cir,0,BC,Y1,45,0,5
R_r3Cjj7orUCVKs49,Training,Cir,0,BC,Y1,42,0,5
R_1nN1uGAejYWDewa,Training,Cir,0,BC,Y1,230,0,5
R_3KBeiVl5xirHLQM,Training,Cir,0,BC,X2,498,0,5
R_2a9UfXz1K6wvI3K,Training,Cir,0,BC,X2,494,0,5
R_p3LNUe2FUoWSbUB,Training,Cir,0,BC,X2,688,0,5
R_r3Cjj7orUCVKs49,Training,Cir,0,BC,X2,686,0,5
R_1nN1uGAejYWDewa,Training,Cir,0,BC,X2,687,0,5
R_3KBeiVl5xirHLQM,Training,Cir,0,BC,Y2,684,0,5
R_2a9UfXz1K6wvI3K,Training,Cir,0,BC,Y2,43,0,5
R_p3LNUe2FUoWSbUB,Training,Cir,0,BC,Y2,235,0,5
R_r3Cjj7orUCVKs49,Training,Cir,0,BC,Y2,231,0,5
R_1nN1uGAejYWDewa,Training,Cir,0,BC,Y2,500,0,5
R_3KBeiVl5xirHLQM,Training,Cir,0,BC,X3,686,0,5
R_1nN1uGAejYWDewa,Training,Cir,0,BC,X3,497,0,5
R_3KBeiVl5xirHLQM,Training,Cir,0,BC,Y3,231,0,5
R_1nN1uGAejYWDewa,Training,Cir,0,BC,Y3,682,0,5
R_3KBeiVl5xirHLQM,Training,Cir,0,BC,X4,46,0,5
R_1nN1uGAejYWDewa,Training,Cir,0,BC,X4,230,0,5
R_3KBeiVl5xirHLQM,Training,Cir,0,BC,Y4,230,0,5
R_1nN1uGAejYWDewa,Training,Cir,0,BC,Y4,683,0,5
R_2YYaCBHefr1qmkN,Training,Fru,0,NumNodes,NA,8,0,0
R_ZvPZVGIFe2bN7SV,Training,Fru,0,NumNodes,NA,8,0,0
R_r9gtXh2BskCbEDT,Training,Fru,0,NumNodes,NA,8,0,0
R_2YYaCBHefr1qmkN,Training,Fru,0,NumLinks,NA,13,0,1
R_ZvPZVGIFe2bN7SV,Training,Fru,0,NumLinks,NA,13,0,1
R_r9gtXh2BskCbEDT,Training,Fru,0,NumLinks,NA,13,0,1
R_2YYaCBHefr1qmkN,Training,Fru,0,ClickHighDeg,X1,363,0,2
R_ZvPZVGIFe2bN7SV,Training,Fru,0,ClickHighDeg,X1,628,0,2
R_2YYaCBHefr1qmkN,Training,Fru,0,ClickHighDeg,Y1,380,0,2
R_ZvPZVGIFe2bN7SV,Training,Fru,0,ClickHighDeg,Y1,179,0,2
R_2YYaCBHefr1qmkN,Training,Fru,0,NumClust,NA,5,0,3
R_ZvPZVGIFe2bN7SV,Training,Fru,0,NumClust,NA,2,0,3
R_r9gtXh2BskCbEDT,Training,Fru,0,NumClust,NA,4,0,3
R_2YYaCBHefr1qmkN,Training,Fru,0,LargeClust1,NA,75,0,4
R_ZvPZVGIFe2bN7SV,Training,Fru,0,LargeClust1,NA,63,0,4
R_r9gtXh2BskCbEDT,Training,Fru,0,LargeClust1,NA,64,0,4
R_2YYaCBHefr1qmkN,Training,Fru,0,BC,X1,363,0,5
R_ZvPZVGIFe2bN7SV,Training,Fru,0,BC,X1,363,0,5
R_2YYaCBHefr1qmkN,Training,Fru,0,BC,Y1,380,0,5
R_ZvPZVGIFe2bN7SV,Training,Fru,0,BC,Y1,382,0,5
R_ZvPZVGIFe2bN7SV,Training,Fru,0,BC,X2,631,0,5
R_ZvPZVGIFe2bN7SV,Training,Fru,0,BC,Y2,179,0,5
R_ZvPZVGIFe2bN7SV,Training,Fru,0,BC,X3,686,0,5
R_ZvPZVGIFe2bN7SV,Training,Fru,0,BC,Y3,456,0,5
R_2D5G9C2Kt3UZLDg,Training,Ord,0,NumNodes,NA,8,0,0
R_1ia1bRBaPERksKG,Training,Ord,0,NumNodes,NA,8,0,0
R_xx8wP4F9CxVHQ5P,Training,Ord,0,NumNodes,NA,8,0,0
R_2UXWSvEnHMJfXIr,Training,Ord,0,NumNodes,NA,8,0,0
R_3JCs1fRSQqrjLsR,Training,Ord,0,NumNodes,NA,8,0,0
R_2D5G9C2Kt3UZLDg,Training,Ord,0,NumLinks,NA,12,0,1
R_1ia1bRBaPERksKG,Training,Ord,0,NumLinks,NA,14,0,1
R_xx8wP4F9CxVHQ5P,Training,Ord,0,NumLinks,NA,13,0,1
R_2UXWSvEnHMJfXIr,Training,Ord,0,NumLinks,NA,16,0,1
R_3JCs1fRSQqrjLsR,Training,Ord,0,NumLinks,NA,14,0,1
R_2D5G9C2Kt3UZLDg,Training,Ord,0,ClickHighDeg,X1,507,0,2
R_1ia1bRBaPERksKG,Training,Ord,0,ClickHighDeg,X1,422,0,2
R_xx8wP4F9CxVHQ5P,Training,Ord,0,ClickHighDeg,X1,425,0,2
R_2UXWSvEnHMJfXIr,Training,Ord,0,ClickHighDeg,X1,423,0,2
R_3JCs1fRSQqrjLsR,Training,Ord,0,ClickHighDeg,X1,427,0,2
R_2D5G9C2Kt3UZLDg,Training,Ord,0,ClickHighDeg,Y1,83,0,2
R_1ia1bRBaPERksKG,Training,Ord,0,ClickHighDeg,Y1,255,0,2
R_xx8wP4F9CxVHQ5P,Training,Ord,0,ClickHighDeg,Y1,255,0,2
R_2UXWSvEnHMJfXIr,Training,Ord,0,ClickHighDeg,Y1,258,0,2
R_3JCs1fRSQqrjLsR,Training,Ord,0,ClickHighDeg,Y1,257,0,2
R_2D5G9C2Kt3UZLDg,Training,Ord,0,NumClust,NA,2,0,3
R_1ia1bRBaPERksKG,Training,Ord,0,NumClust,NA,1,0,3
R_xx8wP4F9CxVHQ5P,Training,Ord,0,NumClust,NA,2,0,3
R_2UXWSvEnHMJfXIr,Training,Ord,0,NumClust,NA,1,0,3
R_3JCs1fRSQqrjLsR,Training,Ord,0,NumClust,NA,3,0,3
R_2D5G9C2Kt3UZLDg,Training,Ord,0,LargeClust1,NA,60,0,4
R_1ia1bRBaPERksKG,Training,Ord,0,LargeClust1,NA,62,0,4
R_xx8wP4F9CxVHQ5P,Training,Ord,0,LargeClust1,NA,63,0,4
R_2UXWSvEnHMJfXIr,Training,Ord,0,LargeClust1,NA,40,0,4
R_3JCs1fRSQqrjLsR,Training,Ord,0,LargeClust1,NA,62,0,4
R_2D5G9C2Kt3UZLDg,Training,Ord,0,BC,X1,422,0,5
R_1ia1bRBaPERksKG,Training,Ord,0,BC,X1,422,0,5
R_xx8wP4F9CxVHQ5P,Training,Ord,0,BC,X1,426,0,5
R_2UXWSvEnHMJfXIr,Training,Ord,0,BC,X1,420,0,5
R_3JCs1fRSQqrjLsR,Training,Ord,0,BC,X1,420,0,5
R_2D5G9C2Kt3UZLDg,Training,Ord,0,BC,Y1,254,0,5
R_1ia1bRBaPERksKG,Training,Ord,0,BC,Y1,257,0,5
R_xx8wP4F9CxVHQ5P,Training,Ord,0,BC,Y1,259,0,5
R_2UXWSvEnHMJfXIr,Training,Ord,0,BC,Y1,262,0,5
R_3JCs1fRSQqrjLsR,Training,Ord,0,BC,Y1,262,0,5
R_2UXWSvEnHMJfXIr,Training,Ord,0,BC,X2,510,0,5
R_3JCs1fRSQqrjLsR,Training,Ord,0,BC,X2,371,0,5
R_2UXWSvEnHMJfXIr,Training,Ord,0,BC,Y2,79,0,5
R_3JCs1fRSQqrjLsR,Training,Ord,0,BC,Y2,377,0,5
R_2UXWSvEnHMJfXIr,Training,Ord,0,BC,X3,476,0,5
R_2UXWSvEnHMJfXIr,Training,Ord,0,BC,Y3,60,0,5
R_2UXWSvEnHMJfXIr,Training,Ord,0,BC,X4,379,0,5
R_2UXWSvEnHMJfXIr,Training,Ord,0,BC,Y4,375,0,5
R_2UXWSvEnHMJfXIr,Training,Ord,0,BC,X5,537,0,5
R_2UXWSvEnHMJfXIr,Training,Ord,0,BC,Y5,264,0,5
